SMILES,Tg,FFV,Tc,Density,Rg
*C(C)=[C](*)[Ge]([CH3])([CH3])[CH3],,0.39996108,,,
*[O][Sn]([CH2]CCC)([CH2]CCC)[O]C(=O)/C=C/C(*)=O,,0.35027613,,,
*C=[CH][Ge]([*])([c]1ccccc1)[c]1ccccc1,,0.39302909,,,
*CC[CH2][Sn]([CH3])([CH3])[CH2]CCOC(=O)C(CCCCCCOc1ccc(-c2ccc(OCc3ccc([N+](=O)[O-])cc3)cc2)cc1)C(=O)O*,,0.35896412,,,
*[O][Sn]([CH2]CCC)([CH2]CCC)[O]C(=O)c1ccc(C(*)=O)cc1,,0.36080704,,,
*CC(*)c1ccc([CH]([Sn]([CH3])([CH3])[CH3])[Sn]([CH3])([CH3])[CH3])cc1,,0.37911502,,,
*[O][Sn]([CH2]CCC)([CH2]CCC)[O]C(=O)CCCCC(*)=O,,0.36080704,,,
*C=[CH][Ge]([CH]=C[Si](*)(c1ccccc1)c1ccccc1)([c]1ccccc1)[c]1ccccc1,,0.39366166,,,
*C#Cc1cc(OC(COCCOCCOCCOC)COCCOCCOCCOC)c(C#Cc2cc(OCCOCCOCCOCCC(=O)[O][Na])c(*)cc2OCCOCCOCCOCCC(=O)[O][Na])cc1OC(COCCOCCOCCOC)COCCOCCOCCOC,-43.36051195,,,,
*[CH2][Ge]([CH3])([CH3])[CH2]c1cocc1*,,0.3589821,,,
*CC[CH2][Sn]([CH3])([CH3])[CH2]CCOC(=O)C(CCCCCCCCOc1ccc(-c2ccc(OCc3ccc(C#N)cc3)cc2)cc1)C(=O)O*,,0.34246271,,,
*Oc1ccc(C(c2ccc(Oc3ccc(C(=O)c4ccc(*)cc4)cc3)cc2)c2ccccc2C(=O)[O][Na])cc1,169.1341304,,,,
*CCCCCOC(=O)c1ccccc1C(=O)[O][Cd][O]C(=O)c1ccccc1C(=O)OCCCCCOC(=O)NCCCCCCNC(=O)O*,,0.3810089,,,
*[O][Ca][O]C(=O)c1ccccc1C(=O)OCCCCCOC(=O)NCCCCCCNC(=O)OCCCCCOC(=O)c1ccccc1C(*)=O,,0.3810089,,,
*c1ccc(-c2cc(Oc3ccc(S(=O)(=O)[O][Na])cc3)c(*)cc2Oc2ccc(S(=O)(=O)[O][Na])cc2)cc1,172.5717242,,,,
*Nc1ccc(NC(=O)c2cc(C(*)=O)c(C(=O)O)cc2C(=O)O)cc1S(=O)(=O)[O][Na],129.970858,,,,
*C=C(*)c1cccc[c]1[Ge]([CH3])([CH3])[CH3],,0.44377353,,,
*/C(=C(\c1ccccc1)c1ccc(*)cc1)c1ccccc1,,,0.338,,
*/C=C/C(C)C(*)C(=O)OC,,,0.189,,
*/C=C/c1cc(-c2ccc3c(c2)C(CCCCCCCC)(CCCCCCCC)c2ccccc2-3)c(*)cc1-c1ccc(F)cc1F,,,0.198,,
*/C=C/c1cc(OCC2CC3CC2C2CCCC32)c(*)cc1OC,,,0.258,,
*/C=C/c1cc(OCCc2ccccc2)c(*)cc1OC,,,0.285,,
*/C=C/c1ccc(*)c(-c2c(OCC(CC)CCCC)ccc3ccccc23)c1,,,0.257,,
*/C=C/c1ccc(*)c(-c2cc(OCCC(C)C)c(OCCC(C)C)cc2-c2ccc(F)cc2)c1,,,0.334,,
*/C=C/c1ccc(*)c(-c2cc(OCCC(C)C)c(OCCC(C)C)cc2-c2ccccc2)c1,,,0.307,,
*/C=C/c1ccc(*)c(-c2ccc(OCC(CC)CCCC)c3ccccc23)c1,,,0.219,,
*/C=C/c1ccc(*)c2ccc(CCCCCCCCCCC)cc12,,,0.27,,
*/N=C/c1ccc(C=Nc2c(-c3ccccc3)cc(-c3ccc(-c4cc(-c5ccccc5)c(*)c(-c5ccccc5)c4)cc3)cc2-c2ccccc2)cc1,,,0.219,,
*C(=C=C=C(*)CCCCOC(=O)NCC)CCCCOC(=O)NCC,,,0.26,,
*C(=C=C=C(*)CCCCOS(=O)(=O)c1ccc(C)cc1)CCCCOS(=O)(=O)c1ccc(C)cc1,,,0.21,,
*C1C(=O)N(C2CCCCC2)C(=O)C1*,,,0.1485,,
*CC(*)(C)C(=O)OCC1CO1,,,0.1855,,
*CC(*)(CC(=O)OCCC1CCCCC1)C(=O)OCCC1CCCCC1,,,0.213,,
*CC(*)(F)C#N,,,0.154,,
*CC(*)(F)C(=O)OCC(F)(F)C(F)(F)C(F)(F)C(F)(F)C(F)(F)C(F)(F)C(F)(F)C(F)(F)C(F)(F)C(F)(F)C(F)(F)F,,,0.095,,
*CC(*)(F)C(=O)OCC(F)(F)C(F)(F)C(F)(F)C(F)(F)C(F)(F)C(F)(F)C(F)(F)C(F)F,,,0.108,,
*CC(*)(F)C(=O)OCC(F)(F)C(F)(F)C(F)(F)C(F)(F)C(F)(F)C(F)F,,,0.106,,
*CC(*)(F)C(=O)OCC(F)(F)C(F)(F)C(F)(F)F,,,0.097,,
*CC(*)C(=O)N1CCCCC1,,,0.218,,
*CC(*)c1ccc(C(=O)CCN2CCCCC2)cc1,,,0.225,,
*CC(*)c1ccc(C(=O)N(C)C)cc1,146.9,,0.246,0.9920000000000001,
*CC(*)c1ccc(C(=O)N(CC)CC)cc1,,,0.213,0.9520000000000001,
*CC(*)c1ccc(C(=O)N2CCOCC2)cc1,,,0.24,,
*CC(*)c1ccc(COCCCCCC)cc1,,,0.252,,
*CC(*)c1ccc(COCCOCCCC)cc1,,,0.262,,
*CC(*)c1ccccc1,,,0.2045999999999999,0.922,
*CC(=O)c1ccc(Oc2ccc(C(=O)COc3ccc(/C=C4\CC/C(=C\c5ccc(O*)c(OC)c5)C4=O)cc3OC)cc2)cc1,,,0.228,,
*CC(=O)c1ccc(Oc2ccc(C(=O)COc3ccc(/C=C4\CC/C(=C\c5ccc(O*)cc5)C4=O)cc3)cc2)cc1,,,0.259,,
*CC(CCCCCCCCCCCCCCCC)C(CCCCCCCCCCCCCCCC)COC(=O)c1ccc(C(=O)O*)cc1,,,0.354,,
*CC(F)(F)C1(F)CC(C(O)(C(F)(F)F)C(F)(F)F)CC1*,,,0.109,,
*CC(O)COc1c(Cl)cc(C(C)(C)c2cc(Cl)c(O*)c(Cl)c2)cc1Cl,,,0.1485,,
*CC(O)COc1ccc(C(C)(C)c2ccc(O*)cc2)cc1,,,0.198,1.0020000000000002,
*CC(c1ccccn1)C(c1ccccc1)C(*)c1ccccn1,,,0.151,,
*CC1(C)CC(N2C(=O)c3ccc(-c4ccc5c(c4)C(=O)N(*)C5=O)cc3C2=O)CC(C)(C)C1,,,0.231,,
*CCC(=O)Oc1ccc(OC(=O)CCN2CCN(*)CC2)cc1,,,0.224,,
*CCCC1CCN(C(=O)SSCCCCSSC(=O)N2CCC(*)CC2)CC1,,,0.223,,
*CCCCCCCCCCCCCCCCCCNC(=O)CCCCCCCCC(=O)N*,,,0.369,,
*CCCCCCCCCCCCCCCCOC(=O)CCCCCCC(=O)O*,,,0.308,,
*CCCCCCCCCCCCCCOC(=O)c1ccc(C(=O)NCCCCCCNC(=O)c2ccc(C(=O)O*)cc2)cc1,,,0.333,,
*CCCCCCCCCCCCCCOC(=O)c1ccc(C(=O)NCCCCCNC(=O)c2ccc(C(=O)O*)cc2)cc1,,,0.258,,
*CCCCCCCCCCCCCCOC(=O)c1ccc(C(=O)NCCNC(=O)c2ccc(C(=O)O*)cc2)cc1,,,0.274,,
*CCCCCCCCCCCCNC(=O)CCCCCCCCCCCCCCCCCCC(=O)N*,,,0.44,,
*CCCCCCCCCCCNC(=O)CCCCCCCCC(=O)N*,,,0.314,,
*CCCCCCCCCCN/C(C)=N/*,,,0.298,,
*CCCCCCCCCCc1ccc(-c2c(-c3ccccc3)cc(-c3cccc(-c4cc(-c5ccccc5)c(-c5ccc(*)cc5)c(-c5ccccc5)c4-c4ccccc4)c3)c(-c3ccccc3)c2-c2ccccc2)cc1,,,0.21,,
*CCCCCCNC(=O)CCCCCCCCCCCCCCCCCCCCC(=O)N*,,,0.44,,
*CCCCCOC(=O)CCCCCNC(=O)O*,,,0.317,,
*CCCCCc1ccc(CCCCCOC(=O)c2ccc(C(=O)O*)cc2)cc1,,,0.276,,
*CCCCOC(=O)CCCCCCCC(=O)O*,,,0.241,,
*CCCCOC(=O)CCCCCNC(=O)CCCCC(=O)NCCCCCC(=O)O*,,,0.242,,
*CCCCOC(=O)c1ccc(-c2ccc(C(=O)O*)cc2)cc1,,,0.248,,
*CCCCOC(=O)c1cccc(-c2cccc(C(=O)O*)c2)c1,,,0.203,,
*CCCCOC(=O)c1ccccc1-c1ccccc1C(=O)O*,71.34273106,,0.19,,
*CCCCSSCCCSS*,,,0.161,,
*CCCCc1ccc(CCCCOC(=O)c2ccc(C(=O)O*)cc2)cc1,,,0.241,,
*CCCc1ccc(CCCOC(=O)c2ccc(C(=O)O*)cc2)cc1,,,0.249,,
*CCc1c2ccccc2c(*)c2ccccc12,,,0.166,,
*CCc1cc(*)c(C)cc1C,,,0.194,,
*CCc1ccc(*)c(C(=O)OC)c1,,,0.245,,
*CCc1ccc(*)c(C(C)=O)c1,8.997925789,,0.217,,
*CCc1ccc(CCOC(=O)CCc2ccc(CCC(=O)O*)cc2)cc1,,,0.319,,
*CCc1ccc(CCOC(=O)c2ccc(C(=O)O*)cc2)cc1,,,0.23,,
*Cc1ccc2nc(-c3cc(-c4nc5ccc(*)cc5c(=O)o4)cc(N4C(=O)c5ccccc5C4=O)c3)oc(=O)c2c1,,,0.227,,
*OC(=O)C(Cc1ccccc1)NC(=O)CCCCCCCCCCC(=O)NC(Cc1ccccc1)C(=O)OC1COC2C(*)COC12,,,0.222,,
*OC(C)COC(=O)CCCCSCCCCC(*)=O,,,0.214,,
*OS(=O)(=O)c1cccc(S(=O)(=O)Oc2ccc(C3(c4ccc(*)cc4)CCCCC3)cc2)c1,,,0.151,,
*Oc1c(Cl)cc(C2(c3cc(Cl)c(OC(*)=O)c(Cl)c3)CCCCC2)cc1Cl,,,0.109,,
*Oc1ccc(/C=N/c2ccc(/N=C/c3ccc(OC(=O)CCCCC(*)=O)c(OC)c3)cc2)cc1OC,,,0.283,,
*Oc1ccc(/C=N/c2ccc(/N=C/c3ccc(OC(=O)CCCCCCCCC(*)=O)c(OC)c3)cc2)cc1OC,,,0.274,,
*Oc1ccc(/C=N/c2ccc(/N=C/c3ccc(OC(=O)c4cccc(C(*)=O)c4)c(OC)c3)cc2)cc1OC,,,0.37,,
*Oc1ccc(/N=C/C=N/c2ccc(OC(=O)NC3CC(C)(C)CC(C)(CNC(*)=O)C3)cc2)cc1,,,0.349,,
*Oc1ccc(/N=C/C=N/c2ccc(OC(=O)NCCCCCCNC(*)=O)cc2)cc1,,,0.325,,
*Oc1ccc(/N=C/C=N/c2ccc(OC(=O)Nc3cc(NC(*)=O)ccc3C)cc2)cc1,,,0.297,,
*Oc1ccc(/N=C/C=N/c2ccc(OC(=O)Nc3ccc(Cc4ccc(NC(*)=O)cc4)cc3)cc2)cc1,,,0.417,,
*Oc1ccc(/N=C/CCC/C=N/c2ccc(OC(=O)NC3CC(C)(C)CC(C)(CNC(*)=O)C3)cc2)cc1,,,0.207,,
*Oc1ccc(/N=C/CCC/C=N/c2ccc(OC(=O)NCCCCCCNC(*)=O)cc2)cc1,,,0.294,,
*Oc1ccc(/N=C/CCC/C=N/c2ccc(OC(=O)Nc3cc(NC(*)=O)ccc3C)cc2)cc1,,,0.252,,
*Oc1ccc(/N=C/CCC/C=N/c2ccc(OC(=O)Nc3ccc(Cc4ccc(NC(*)=O)cc4)cc3)cc2)cc1,,,0.326,,
*Oc1ccc(C(C)(C)c2ccc(OC(*)=O)cc2)cc1,,,0.2385,1.0819999999999999,
*Oc1ccc(C(C)(c2ccccc2)c2ccc(OC(*)=O)cc2)cc1,,,0.206,,
*Oc1ccc(C(CCC)(CCC)c2ccc(OC(*)=O)cc2)cc1,,,0.219,,
*Oc1ccc(C2(c3ccc(OC(*)=O)c(C)c3)CCCCC2)cc1C,,,0.183,,
*Oc1ccc(C2(c3ccc(OC(*)=O)c(Cl)c3)CCCCC2)cc1Cl,,,0.165,,
*Oc1ccc(C2(c3ccc(OC(*)=O)cc3)CCCC2)cc1,,,0.241,,
*Oc1ccc(C2(c3ccc(OC(*)=O)cc3)CCCCC2)cc1,,,0.185,,
*Oc1ccc(C2(c3ccc(OC(*)=O)cc3)c3ccccc3-c3ccccc32)cc1,,,0.235,,
*Oc1cccc(Oc2ccc(C(=O)Nc3ccc(Oc4ccc(NC(=O)c5ccc(*)cc5)cc4)cc3)cc2)c1C#N,160.9324159,,0.296,,
*c1c(*)c2ccccc2c2ccccc12,,,0.091,,
*c1c(-c2ccccc2)c(-c2ccccc2)c(*)c2cc(-c3ccc(C#Cc4ccccc4)c(C#Cc4ccccc4)c3)ccc12,,,0.224,,
*c1c(-c2ccccc2)c(-c2ccccc2)c(*)c2cc(Oc3ccc(C#Cc4ccccc4)c(C#Cc4ccccc4)c3)ccc12,,,0.16,,
*c1ccc(*)c2ccccc12,189.0821827,,0.571,,
*c1ccc(-c2ccc(-c3ccc(C(*)(c4c(F)c(F)c(F)c(F)c4F)C(F)(F)F)cc3)cc2)cc1,,,0.172,,
*c1ccc(-c2ccc(-c3ccc(C(*)(c4ccc(F)cc4)C(F)(F)F)cc3)cc2)cc1,,,0.22,,
*c1ccc(-c2ccc(-c3ccc(C(*)(c4ccccc4)C(F)(F)F)cc3)cc2)cc1,,,0.278,,
*c1ccc(-c2ccc(-c3ccc(C(*)c4c(F)c(F)c(F)c(F)c4F)cc3)cc2)cc1,,,0.291,,
*c1ccc(-c2ccc(-c3sc(*)c(CCCCCCCCCCCC)c3CCCCCCCCCCCC)s2)s1,14.60597757,,0.299,,
*c1ccc(-c2ccc(C3(*)c4ccccc4-c4ccccc43)cc2)cc1,,,0.203,,
*c1ccc(-c2sc(-c3cc(CCCCCCCCCCCC)c(*)s3)cc2CCCCCCCCCCCC)s1,,,0.34,,
*c1ccc(C(Cl)(Cl)C(*)Cl)cc1,,,0.115,,
*c1ccc(C(F)(F)C(*)(F)F)cc1,,,0.101,1.302,
*c1ccc(C2C(C#N)(C(=O)OCCC)C(*)C2(C#N)C(=O)OCCC)cc1,,,0.258,,
*c1ccc(C2C(C(=O)Oc3ccccc3)C(*)C2C(=O)Oc2ccccc2)cc1,,,0.225,,
*c1ccc(Oc2c3c(c(Oc4ccc(-c5nc6cc(C(c7ccc8oc(*)nc8c7)(C(F)(F)F)C(F)(F)F)ccc6o5)cc4)c4c2C2c5ccccc5C4c4ccccc42)C2c4ccccc4C3c3ccccc32)cc1,,,0.109,,
*c1ccc(Oc2c3c(c(Oc4ccc(C5Nc6ccc(-c7ccc8[nH]c(*)nc8c7)cc6O5)cc4)c4c2C2c5ccccc5C4c4ccccc42)C2c4ccccc4C3c3ccccc32)cc1,,,0.18,,
*c1ccc(Oc2ccc(-c3csc(/N=C/c4ccc(OCCCCCCCCCCOc5ccc(/C=N/c6nc(*)cs6)cc5OC)c(OC)c4)n3)cc2)cc1,,,0.383,,
*c1ccc(Oc2ccc(-c3csc(/N=C/c4ccc(OCCCCCCCCOc5ccc(/C=N/c6nc(*)cs6)cc5OC)c(OC)c4)n3)cc2)cc1,,,0.228,,
*c1ccc(Oc2ccc(-c3csc(/N=C/c4ccc(OCCCCCCOc5ccc(/C=N/c6nc(*)cs6)cc5OC)c(OC)c4)n3)cc2)cc1,,,0.253,,
*c1ccc(Oc2ccc(-c3csc(/N=C/c4ccc(OCCCCOc5ccc(/C=N/c6nc(*)cs6)cc5OC)c(OC)c4)n3)cc2)cc1,,,0.218,,
*c1ccc(Oc2ccc(-c3csc(/N=C/c4ccc(OCCOc5ccc(/C=N/c6nc(*)cs6)cc5OC)c(OC)c4)n3)cc2)cc1,,,0.243,,
*c1ccc(Oc2ccc(C(c3ccc(Oc4ccc(-n5c(=O)c6cc7c(=O)n(*)c(=O)c7cc6c5=O)cc4C(F)(F)F)cc3)(C(F)(F)F)C(F)(F)F)cc2)c(C(F)(F)F)c1,,,0.213,,
*c1ccc(Oc2ccc(Oc3ccc(-c4nc5cc(C(c6ccc7oc(*)nc7c6)(C(F)(F)F)C(F)(F)F)ccc5o4)cc3)c3c2C2c4ccccc4C3c3ccccc32)cc1,,,0.16549999999999998,,
*c1ccc(Oc2ccc(Oc3ccc(C4Nc5ccc(-c6ccc7[nH]c(*)nc7c6)cc5O4)cc3)c3c2C2c4ccccc4C3c3ccccc32)cc1,,,0.252,,
*c1ccc(Sc2ccc(N3C(=O)c4ccc(-c5ccc6c(c5)C(=O)N(*)C6=O)cc4C3=O)cc2)cc1,,,0.252,,
*c1ccc2c(c1)C(=O)N(c1ccc(C(c3ccc(N4C(=O)c5ccc(C(*)(C(F)(F)F)C(F)(F)F)cc5C4=O)cc3)(C(F)(F)F)C(F)(F)F)cc1)C2=O,,,0.151,,
*c1ccc2c(c1)C(=O)N(c1ccc(Oc3ccc(C(c4ccc(Oc5ccc(N6C(=O)c7ccc(C(*)(C(F)(F)F)C(F)(F)F)cc7C6=O)cc5C(F)(F)F)cc4)(C(F)(F)F)C(F)(F)F)cc3)c(C(F)(F)F)c1)C2=O,,,0.152,,
*c1ccc2c(c1)C(=O)N(c1ccc(Oc3ccc(N4C(=O)c5ccc(C(*)(C(F)(F)F)C(F)(F)F)cc5C4=O)cc3)cc1)C2=O,,,0.165,,
*c1ccc2c(c1)C(=O)N(c1cccc(C(c3cccc(N4C(=O)c5ccc(C(*)(C(F)(F)F)C(F)(F)F)cc5C4=O)c3)(C(F)(F)F)C(F)(F)F)c1)C2=O,,,0.111,,
*c1ccc2cc(*)ccc2c1,239.5402998,,1.59,,
*c1ccc2ccc(*)cc2c1,,,0.221,,
*c1ccc2ccc3c(*)cc(C#C)c4ccc1c2c34,,,0.582,,
*c1cccc(-c2nc3ccc(-c4ccc5oc(*)nc5c4)cc3o2)c1,,,0.3795,,
*c1cccc2c(*)cccc12,,,0.685,,
*c1cccc2c(N3C(=O)c4ccc(-c5ccc6c(c5)C(=O)N(*)C6=O)cc4C3=O)cccc12,,,0.314,,
*c1nc2cc(-c3ccc4[nH]c(-c5ccc(*)o5)nc4c3)ccc2[nH]1,419.98,,0.446,,
*c1sc(*)c2sc(CCCCCCCCC)nc12,56.24069524,,0.482,,
*c1sc(-c2cc(CCCCCCCCCC)c(*)s2)cc1CCCCCCCCCC,,,0.307,,
*=Nc1ccc(N=C(C)Nc2ccc(-c3ccc(NC(=*)C)c(C(=O)O)c3)cc2C(=O)O)cc1,89.38045943,,,,
*C(=O)Nc1cc(NC(=O)c2ccc3[nH]c(-c4cccc(-c5nc6cc(*)ccc6[nH]5)c4)nc3c2)cc(-c2nc3ccccc3[nH]2)c1,348.55,,,,
*C(=O)Nc1ccc(-c2ccc(NC(=O)c3ccc4c(c3)C(=O)N(c3ccc(NC(=O)Nc5ccc(N6C(=O)c7ccc(*)cc7C6=O)cc5)cc3)C4=O)cc2)cc1,253.71,,,,
*C(=O)Nc1nc(NC(=O)c2ccc3c(c2)C(=O)N(c2ccc(Oc4cccc5c(N6C(=O)c7ccc(*)cc7C6=O)cccc45)cc2)C3=O)nc(-c2ccccc2)n1,330.59,,,,
*C(=O)OC(=O)COc1ccc(OCC(=O)OC(=O)c2ccc(*)nc2)cc1,155.9709567,,,,
*C(=O)OCCOCCOCCOC(=O)c1ccc(N2C(=O)c3ccc(*)cc3C2=O)cc1,79.22,,,,
*C(=O)Oc1ccc([Si](CC)(CC)c2ccc(OC(=O)c3ccc(*)s3)cc2)cc1,-36.93,,,,
*C(=O)c1ccc(C(=O)c2ccc(C=C3CCC(=Cc4ccc(*)cc4)C3=O)cc2)cc1,192.2096838,,,,
*C(=O)c1ccc2c(c1)C(=O)N(c1ccc(CP(=O)(OCC)OCC)c(N3C(=O)c4ccc(*)cc4C3=O)c1)C2=O,264.06,,,,
*C(=O)c1ccc2nc(-c3ccccc3)c(-c3ccc(-c4nc5ccc(*)cc5nc4-c4ccccc4)cc3)nc2c1,326.27,,,,
*C(C(=O)OC)C(*)C(=O)OC(C)(C)C,148.77,,,,
*C1C(=O)N(CCOc2ccc(-c3ccc(C#N)cc3)cc2)C(=O)C1*,158.36,,,,
*C=C(*)c1ccc(OCCCCCC(=O)Oc2c(F)c(F)c(F)c(F)c2F)cc1,73.83198457,,,,
*C=CC1C=CC(*)c2ccc(CCCCCC)cc21,9.704073219,,,,
*C=CC1CC(*)C(C(F)(F)F)(C(F)(F)F)C1(F)F,163.71,,,,
*C=CCCCC(Cl)CCC*,-9.32,,,,
*CC#CC#CCOc1ccc(C(C)(C)c2ccc(O*)cc2)cc1,48.046331,,,,
*CC(*)(C)C(=O)OCCCCCCCCCCn1c2ccccc2c2cc(N=Nc3ccc([N+](=O)[O-])cc3)ccc21,60.81,,,,
*CC(*)(C)C(=O)OCCCCCCOc1ccc(C(=O)Oc2ccc3ccc(=O)oc3c2)cc1,118.96,,,,
*CC(*)(C)C(=O)OCCOc1ccc(N=Nc2ccc(C#N)cc2)cc1,141.68,,,,
*CC(*)(C)C(=O)Oc1ccc(C(=O)c2ccccc2)c(O)c1,186.45,,,,
*CC(*)(F)C(=O)OCC,124.69,,,,
*CC(*)C(=O)OCCOC(F)(F)C(F)F,11.16,,,,
*CC(*)C(=O)Oc1ccc(C(=O)Oc2ccc(OC(=O)c3ccc(OCCCC)cc3)cc2)cc1,42.05,,,,
*CC(*)C(=O)c1ccc(CC)cc1,68.42,,,,
*CC(*)OC(=O)c1ccccc1C,81.84,,,,
*CC(*)OCC(C)(C)CC,12.2,,,,
*CC(=O)NCCCCCCNC(=O)CS*,29.78,,,,
*CC(C)(C)C1C(=O)N(c2ccccc2C)C(=O)C1*,286.47,,,,
*CC(C)CCC(C)CNC(=O)c1cc(C(=O)N*)cc(C(C)(C)C)c1,157.37,,,,
*CC(CCCCCCOc1ccc(-c2ccc(C#N)cc2)cc1)COC(=O)N(C)c1ccc(N(C)C(=O)O*)cc1,78.11061669,,,,
*CC(CCl)O*,2.36,,,,
*CC(O)C(O)COC(=O)O*,98.39,,,,
*CC(c1ccccc1)C1C(=O)N(CCCCCCCCCCCC)C(=O)C1*,70.24,,,,
*CC1CCCC(*)(CO)C1=O,71.70468573,,,,
*CCC(=O)NNC(=O)c1cccc(C(=O)NNC(=O)c2cccc(O*)c2)c1,234.2133464,,,,
*CCC(C)(C)CC(C)CNC(=O)CCCCC(=O)N*,54.82,,,,
*CCC(C)Oc1ccc(-c2ccc(C(=O)OCC(C)COC(=O)c3ccc(-c4ccc(O*)cc4)cc3)cc2)cc1,116.96,,,,
*CCCC(=O)NCc1ccc(CNC(=O)CCCOC(=O)c2ccc(C(=O)O*)cc2)cc1,53.55726117,,,,
*CCCC1(C)CCN(C(=O)CC(C)C(=O)N2CCC(*)(C)CC2)CC1,111.94,,,,
*CCCCCCCCCCCCCCCCCCNC(=O)NCc1ccc(CNC(=O)N*)cc1,62.4,,,,
*CCCCCCCCCCCCN1C(=O)c2ccc(Oc3ccc4c(c3)C(=O)N(*)C4=O)cc2C1=O,80.63,,,,
*CCCCCCCCCCCCOC(=O)NCCCCCCNC(=O)O*,35.91,,,,
*CCCCCCCCCCOc1ccc(C=Cc2ccc(OCCCCCCCCCCOP(=O)(O*)OCCCCCCCCCCOc3ccc(N=Nc4ccc(C#N)cc4)cc3)cc2)cc1,51.61,,,,
*CCCCCCCCCCOc1ccc(C=Cc2ccc(OCCCCCCCCCCOP(=O)(O*)OCCCCCCCCCCOc3ccc(N=Nc4ccc(C)cc4)cc3)cc2)cc1,5.817024886,,,,
*CCCCCCCCCCOc1ccc(C=Cc2ccc(OCCCCCCCCCCOP(=O)(O*)OCCCCCCCCCCOc3ccc(N=Nc4ccc(F)cc4)cc3)cc2)cc1,-7.2122695,,,,
*CCCCCCCCOC(=O)Nc1ccc(C)c(NC(=O)O*)c1,117.25,,,,
*CCCCCCCCOc1c(OC)cc(C=Cc2ccc(C=Cc3cc(OC)c(O*)c(OC)c3)cc2)cc1OC,65.39,,,,
*CCCCCCCOc1ccc(C=CC=Cc2ccc(O*)c(C)c2)cc1C,41.89270134,,,,
*CCCCCCOC(=O)c1ccc(S(=O)(=O)CCCCCCS(=O)(=O)c2ccc(C(=O)O*)cc2)cc1,35.86441642,,,,
*CCCCCCOP(=O)(N=Nc1ccc(COC(=O)c2cc(C(=O)OCc3ccc(N=NP(=O)(O*)OC)cc3)cc(C(C)(C)C)c2)cc1)OC,62.39,,,,
*CCCCCCOc1ccc(NC(=O)c2cc(C(=O)Nc3ccc(O*)cc3)cc(C(C)(C)C)c2)cc1,158.08,,,,
*CCCCCOc1ccc(OC(=O)c2ccc(C(=O)Oc3ccc(O*)cc3)cc2)cc1,89.92,,,,
*CCCCOC(=O)CCCCC(=O)OCCCCOC(=O)c1ccc(C(=O)O*)cc1,33.64,,,,
*CCCCOC(=O)COCC(=O)O*,27.22,,,,
*CCCCSSC(=O)N(C)c1ccc(Cc2ccc(N(C)C(=O)SS*)cc2)cc1,20.68923822,,,,
*CCCCc1nc2cc(NC(=NO)C(=NO)Nc3ccc4nc(*)[nH]c4c3)ccc2[nH]1,170.1130329,,,,
*CCNC(=O)c1ccc(C(=O)NCCOC(=O)c2cccc(C(=O)O*)c2)cc1,121.124261,,,,
*CCNC(=S)C=Cc1ccc(Cc2ccc(C=CC(=S)N*)cc2)cc1,99.87529352,,,,
*Cc1cc(C=O)c(O)c(Cc2cc(C=O)c(O)c(CNC(=O)NC(=O)N*)c2)c1,190.6072154,,,,
*Cc1ccc(COC(=O)c2ccccc2C(=O)O*)cc1,95.33964688,,,,
*Cc1ccc(CSC(=O)Nc2ccc(Cc3ccc(NC(=O)S*)cc3)cc2)cc1,90.77725081,,,,
*Cc1ccc2nc(-c3cc(-c4nc5ccc(*)cc5c(=O)o4)cc(N4C(=O)c5c(Cl)c(Cl)c(Cl)c(Cl)c5C4=O)c3)oc(=O)c2c1,378.8956296,,,,
*N=C1C=CC(=NC2=CC(=O)C(*)=CC2=O)C=C1,212.9967182,,,,
*N=Cc1ccc(C=Nc2sc(*)c(C#N)c2C#N)cc1,204.4271705,,,,
*N=Nc1ccc(NC(=O)CCC(=O)Nc2ccc(*)cc2)cc1,208.85,,,,
*N=P(*)(OCc1ccc(-c2ccccc2)cc1)OCc1ccc(-c2ccccc2)cc1,51.23,,,,
*Nc1cc(NC(=O)c2cc(OCCN(C)c3ccc(S(=O)(=O)C(F)(F)C(F)(F)C(F)(F)C(F)(F)C(F)(F)C(F)(F)C(F)(F)C(F)(F)F)cc3)cc(C(*)=O)c2)cc(C(=O)OCCN(C)c2ccc(S(=O)(=O)C(F)(F)C(F)(F)C(F)(F)C(F)(F)C(F)(F)C(F)(F)C(F)(F)C(F)(F)F)cc2)c1,172.7344272,,,,
*Nc1ccc(C(C)(C)c2ccc(NC(=O)c3cc(C(*)=O)cc(N4C(=O)C5CC=CCC5C4=O)c3)cc2)cc1,358.53,,,,
*Nc1ccc(NC(=O)c2cc(NC(=O)C(CCSC)N3C(=O)c4ccccc4C3=O)cc(C(*)=O)c2)cc1,230.3191562,,,,
*Nc1ccc(NC(=O)c2ccc(NC(=O)CCCCCCCCCCC(=O)Nc3ccc(C(*)=O)cc3)cc2)cc1C(=O)OCCCCCCCCCCCCCCCC,187.43,,,,
*Nc1cccc(NC(=O)CCCCCCC(*)=O)c1,128.17,,,,
*Nc1cccc2c(NC(=O)c3cccc(C(*)=O)c3)cccc12,339.66,,,,
*OC(=O)CCC(=O)OC1COC2C(*)COC12,86.76,,,,
*OC(=O)OC1CC2CC(*)CC(C1)O2,196.52,,,,
*OC(=O)c1ccc(C(C)(C)c2ccc(C(*)=O)cc2)cc1,46.39,,,,
*OC(C)CCC(C)OC(=O)CCCCCCCCC(*)=O,-18.21,,,,
*OC(C)CCC(C)OC(=O)Nc1ccc(Cc2ccc(NC(*)=O)cc2)cc1,63.5893379,,,,
*OS(=O)(=O)c1ccc(*)cc1,140.64,,,,
*OS(=O)(=O)c1ccc(S(=O)(=O)c2ccc(S(=O)(=O)Oc3ccc(S(=O)(=O)c4ccc(*)cc4)cc3)cc2)cc1,194.2678014,,,,
*OS(=O)(=O)c1ccc(Sc2ccc(S(=O)(=O)Oc3ccc(C4(c5ccc(*)cc5)CCCCC4)cc3)cc2)cc1,157.8104834,,,,
*O[Si](C)(C)CCCN=C1c2ccccc2C(=NCCC[Si](*)(C)C)c2c(O)ccc(O)c21,51.3,,,,
*O[Si](O[Si](O[Si](O[Si](CC[Si](C)(C)O[Si](C)(C)O[Si](C)(C)O[Si](C)(C)O[Si](C)(C)CC[Si](*)(c1ccccc1)c1ccccc1)(c1ccccc1)c1ccccc1)(c1ccccc1)c1ccccc1)(c1ccccc1)c1ccccc1)(c1ccccc1)c1ccccc1,11.62,,,,
*Oc1c(C(=O)Nc2ccc(NC(=O)c3ccc4ccccc4c3Oc3nc(*)nc(N4CCCCC4)n3)cc2)ccc2ccccc12,162.6671353,,,,
*Oc1c(C)c(C)c(Oc2ccc(NC(=O)c3ccc(C(=O)Nc4ccc(*)cc4)cc3)cc2)c(C)c1C,337.62,,,,
*Oc1c(C)cc(*)cc1C(C)CCCCCCCCCCCC,44.22,,,,
*Oc1c([2H])c([2H])c(C(c2c([2H])c([2H])c(OC(*)=O)c([2H])c2[2H])(C([2H])([2H])[2H])C([2H])([2H])[2H])c([2H])c1[2H],230.9913822,,,,
*Oc1cc(OC(=O)c2ccc(C=Nc3ccc(OCCCCCCOc4ccc(N=Cc5ccc(C(*)=O)cc5)cc4Cl)c(Cl)c3)cc2)c(Cl)cc1Cl,82.06188226,,,,
*Oc1ccc(-c2ccc(Oc3c(F)c(F)c(COC(c4cccc(C(OCc5c(F)c(F)c(*)c(F)c5F)(C(F)(F)F)C(F)(F)F)c4)(C(F)(F)F)C(F)(F)F)c(F)c3F)cc2)cc1,139.73,,,,
*Oc1ccc(C(=O)CNc2ccc(NCC(=O)c3ccc(*)cc3)cc2)cc1,158.6944649,,,,
*Oc1ccc(C(=O)OCCCCOC(=O)c2ccc(OC(=O)c3ccc(C(*)=O)cc3)cc2)cc1,68.79315579,,,,
*Oc1ccc(C(=O)c2ccc(Oc3ccc(C(=O)c4ccc(C(=O)c5ccc(*)cc5)cc4)cc3)cc2)cc1,138.8344532,,,,
*Oc1ccc(C(C)(CCCC)c2ccc(OC(*)=O)cc2)cc1,118.8361345,,,,
*Oc1ccc(C(C)c2ccc(OC(*)=S)cc2)cc1,101.06,,,,
*Oc1ccc(C2(c3ccc(OC(=O)CCCC(*)=O)cc3)c3cc(OC)ccc3-c3ccc([N+](=O)[O-])cc32)cc1,195.71,,,,
*Oc1ccc(C2(c3ccc(Oc4ccc(C(=O)c5ccc(C(=O)c6ccc(*)c(C(F)(F)F)c6)cc5)cc4C(F)(F)F)cc3)c3ccccc3-c3ccccc32)cc1,265.8,,,,
*Oc1ccc(CC(NC(=O)CCc2ccc(OC(=O)CCCC(*)=O)cc2)C(=O)OCCOCCOCC)cc1,42.34,,,,
*Oc1ccc(CC(NC(=O)Cc2ccc(OC(=O)CCCCCCC(*)=O)cc2)C(=O)OCC)cc1,66.4,,,,
*Oc1ccc(CNC(=O)CCCCCCC(=O)NCc2ccc(OC3COC4C(*)COC34)cc2)cc1,21.58173134,,,,
*Oc1ccc(OC(=O)c2ccc(C(*)=O)cc2Sc2ccc(Cl)cc2)cc1,146.43,,,,
*Oc1ccc(Oc2ccc(C(=O)c3c(C(=O)c4ccc(*)cc4)c(-c4ccc(F)cc4)c(-c4ccc(F)cc4)c(-c4ccc(F)cc4)c3-c3ccc(F)cc3)cc2)cc1,252.56,,,,
*Oc1ccc(Oc2ccc(C(=O)c3cccc(NC(=O)c4cccc(C(=O)Nc5cccc(C(=O)c6ccc(*)cc6)c5)c4)c3)cc2)cc1,222.22,,,,
*Oc1ccc(S(=O)(=O)c2ccc(Oc3ccc(C(C)(c4ccc(*)cc4)c4ccc(O)cc4)cc3)cc2)cc1,255.52,,,,
*Oc1ccc2c(c1)nc1n2C(=O)c2ccc(Oc3ccc4c(c3)C(=O)n3c-4nc4ccc(*)cc43)cc2-1,291.281809,,,,
*Oc1ccc2cc(C(=O)Oc3ccccc3OC(=O)c3ccc4cc(Oc5nc(*)nc(N6CCN(C)CC6)n5)ccc4c3)ccc2c1,54.90728348,,,,
*Oc1ccc2ccc(Oc3ccc(C(=O)Nc4cccc(NC(=O)c5ccc(*)cc5)c4)cc3)cc2c1,204.47,,,,
*Oc1cccc(C(F)(F)C(F)(F)C(F)(F)c2cccc(OC(=O)c3cccc(C(F)(F)C(F)(F)C(F)(F)c4cccc(C(*)=O)c4)c3)c2)c1,105.91,,,,
*Oc1cccc(OC(=O)c2ccc(C=Nc3ccc(OCCCCCCOc4ccc(N=Cc5ccc(C(*)=O)cc5)cc4)cc3)cc2)c1,83.83402436,,,,
*c1c(C)cc(C(c2cc(C)c(N3C(=O)c4ccc(-c5ccc6c(c5)C(=O)N(*)C6=O)cc4C3=O)c(C)c2)c2cccc3ccccc23)cc1C,369.0,,,,
*c1cc(Br)c(Oc2c(Br)cc(N3C(=O)c4ccc(Oc5ccc6c(c5)C(=O)N(*)C6=O)cc4C3=O)cc2Br)c(Br)c1,302.26,,,,
*c1cc(CCCCCC(F)(F)C(F)(F)C(F)(F)C(F)(F)F)c(-c2cc(CCCCCCCC)c(*)s2)s1,6.476080227,,,,
*c1cc(CCCCCC)c(C=Cc2sc(C=Cc3sc(-c4ccc(*)c5nsnc45)cc3CCCCCC)c(CCCCCC)c2CCCCCC)s1,17.9542177,,,,
*c1ccc(*)c2nccnc12,216.378732,,,,
*c1ccc(-c2cc(-c3ccc(OCC(CC)CCCC)cc3)cc(-c3ccc(-c4ccc5c(c4)C(CCCCCC)(CCCCCC)c4cc(*)ccc4-5)cc3)c2-c2ccc(OCC(CC)CCCC)cc2)cc1,123.52,,,,
*c1ccc(-c2cc(CCCCCC)c(-c3ccc(-c4ccc5ccc6ccc(*)nc6c5n4)cc3)cc2CCCCCC)cc1,160.44,,,,
*c1ccc(-c2ccc(N3C(=O)c4ccc(-c5ccc6c(c5)C(=O)N(*)C6=O)cc4C3=O)cc2)cc1,421.9822435,,,,
*c1ccc(-c2cnc3cc(Oc4ccc5nc(*)cnc5c4)ccc3n2)cc1,381.02,,,,
*c1ccc(C(=O)CNc2ccc(NCC(=O)c3ccc(S(*)(=O)=O)cc3)cc2)cc1,198.9026743,,,,
*c1ccc(C(=O)OCCCCCCOc2ccc(C=C3CCCC(=Cc4ccc(OCCCCCCOC(=O)c5ccc(-c6nnc(*)o6)cc5)cc4)C3=O)cc2)cc1,90.11,,,,
*c1ccc(C(c2ccccc2)c2ccc(N(*)c3ccc(C)cc3)cc2)cc1,263.16,,,,
*c1ccc(Cc2ccc(N3C(=O)c4ccc(Oc5ccc(C6(c7ccc(Oc8ccc9c(c8)C(=O)N(*)C9=O)cc7)CCC(c7ccccc7)CC6)cc5)cc4C3=O)cc2)cc1,249.05,,,,
*c1ccc(NC(=O)c2cc(NC(=O)c3ccc(NC(=O)C(C)N4C(=O)c5ccccc5C4=O)cc3)cc(C(=O)Nc3ccc(S(*)(=O)=O)cc3)c2)cc1,272.65,,,,
*c1ccc(Oc2c(F)c(F)c(C(=O)c3c(F)c(F)c(Oc4ccc(C5(*)OC(=O)c6ccccc65)cc4)c(F)c3F)c(F)c2F)cc1,276.34,,,,
*c1ccc(Oc2ccc(C(=O)c3cccc(C(=O)c4ccc(Oc5ccc(-c6c7c(c(*)c8ccccc68)C(=O)N(CCCCCCCCCCCC)C7=O)cc5)cc4)c3)cc2)cc1,161.91,,,,
*c1ccc(Oc2ccc(C(c3ccc(Oc4ccc(-c5nc(*)nc(-c6ccccc6)n5)cc4)cc3)(C(F)(F)F)C(F)(F)F)cc2)cc1,303.48,,,,
*c1ccc(Oc2ccc(N3C(=O)c4cccc(Oc5c(Oc6cccc7c6C(=O)N(*)C7=O)cc(C(C)(C)C)cc5C(C)(C)C)c4C3=O)cc2)cc1,301.26,,,,
*c1ccc(Oc2ccc(S(=O)(=O)c3ccc(Oc4ccc(-c5ncc(*)o5)cc4C(F)(F)F)cc3)cc2)c(C(F)(F)F)c1,267.06,,,,
*c1ccc(Oc2ccc(Sc3ccc(Oc4ccc(N5C(=O)c6ccc(Oc7ccc(Oc8ccc(Oc9ccc%10c(c9)C(=O)N(*)C%10=O)cc8)cc7)cc6C5=O)cc4)cc3)cc2)cc1,225.33,,,,
*c1ccc(Sc2cc3c(cc2Sc2ccc(N4C(=O)C5C6C=CC(C7C(=O)N(*)C(=O)C67)C5C4=O)cc2)C(=O)N(c2ccc(CC)cc2)C3=O)cc1,307.1,,,,
*c1ccc2c(c1)C(*)(C)CC2(C)C,261.41,,,,
*c1ccc2c(c1)C(=O)N(c1c(C)cc(C)c(C(=O)c3cccc(N4C(=O)c5ccc(C(*)(C(F)(F)F)C(F)(F)F)cc5C4=O)c3)c1C)C2=O,280.09,,,,
*c1ccc2c(c1)C(=O)N(c1c(F)c(F)c(N3C(=O)c4ccc(C(*)(C(F)(F)F)C(F)(F)F)cc4C3=O)c(F)c1F)C2=O,388.0137456,,,,
*c1ccc2c(c1)C(=O)N(c1ccc3c(c1)-c1cc(N4C(=O)c5ccc(C(*)(C(F)(F)F)C(F)(F)F)cc5C4=O)ccc1C3)C2=O,442.63,,,,
*c1cccc(C(O[Si](C)(C)O[Si](C)(C)O[Si](C)(C)C)c2cccc(N3C(=O)c4ccc(Oc5ccc6c(c5)C(=O)N(*)C6=O)cc4C3=O)c2)c1,196.68,,,,
*c1cccc(N2C(=O)c3ccc(-c4cccc5c4C(=O)N(*)C5=O)cc3C2=O)c1,348.28,,,,
*c1cccc(N2C(=O)c3ccc(Oc4ccc5c(c4)C(C)(c4ccc(Oc6ccc7c(c6)C(=O)N(c6cccc(N8C(=O)c9ccc(Oc%10ccc(C%11(C)CC(C)(C)c%12cc(Oc%13ccc%14c(c%13)C(=O)N(*)C%14=O)ccc%12%11)cc%10)cc9C8=O)c6)C7=O)cc4)CC5(C)C)cc3C2=O)c1,231.956044,,,,
Brc1cc2ccccc2c2ccccc12,-48.14999999999998,,,,
Brc1ccccc1,-135.14999999999998,,,,
C#C[C@]1(O)CC[C@H]2[C@@H]3CCC4=C(CCC(=O)C4)[C@H]3CC[C@@]21C,50.85000000000002,,,,
C#C[C@]1(O)CC[C@H]2[C@@H]3CCC4=Cc5oncc5C[C@]4(C)[C@H]3CC[C@@]21C,78.85000000000002,,,,
C(=C(c1ccc(N(c2ccccc2)c2ccccc2)cc1)c1ccc(N(c2ccccc2)c2ccccc2)cc1)c1ccccc1,71.85000000000002,,,,
C(=C(c1ccccc1)c1ccccc1)c1ccccc1,-25.149999999999977,,,,
C(=C/c1ccc(N(c2ccccc2)c2ccccc2)cc1)\c1ccc(N(c2ccccc2)c2ccccc2)cc1,70.85000000000002,,,,
C(=C/c1ccccc1)\CN1CCN(C(c2ccccc2)c2ccccc2)CC1,6.850000000000023,,,,
C(=N/N(c1ccccc1)c1ccccc1)\c1ccc(N(c2ccccc2)c2ccccc2)cc1,49.85000000000002,,,,
C1=Cc2nccnc2C1,-99.29999999999998,,,,
C1CCC2CCCCC2C1,-123.14999999999998,,,,
C1CCC2CNCCC2C1,-93.14999999999998,,,,
C1CCCCCC1,-190.14999999999998,,,,
C1CN=C2NCCCN2C1,-89.09999999999997,,,,
C=C(CC)C(=O)c1ccc(OCC(=O)O)c(Cl)c1Cl,8.850000000000023,,,,
C=C1CC[C@H](O)C/C1=C/C=C1\CCC[C@]2(C)[C@@H]([C@H](C)/C=C/[C@H](C)C(C)C)CC[C@@H]12,16.850000000000023,,,,
C=C1CC[C@H](O)C/C1=C/C=C1\CCC[C@]2(C)[C@@H]([C@H](C)CCCC(C)C)CC[C@@H]12,22.850000000000023,,,,
C=CC1CN2CCC1CC2C(O)c1ccnc2ccccc12,103.85000000000002,,,,
C=CCC,-212.14999999999998,,,,
C=CCc1ccc(O)c(OC)c1,-80.44999999999999,,,,
C=COC(C)=O,-148.14999999999998,,,,
C=C[C@H]1CN2CC[C@H]1C[C@@H]2[C@@H](O)c1ccnc2ccc(OC)cc12,52.85000000000002,,,,
C=C[C@H]1CN2CC[C@H]1C[C@@H]2[C@@H](O)c1ccnc2ccccc12,121.85000000000002,,,,
C=C[C@H]1CN2CC[C@H]1C[C@H]2[C@H](OC(=O)OCC)c1ccnc2ccc(OC)cc12,4.850000000000023,,,,
CC(=O)CC(=O)CC(=O)O,-67.59999999999997,,,,
CC(=O)CC(c1ccccc1)c1c(O)c2ccccc2oc1=O,71.85000000000002,,,,
CC(=O)N(C)C,-127.04999999999998,,,,
CC(=O)N1CCN(c2ccc(OC[C@H]3CO[C@](Cn4ccnc4)(c4ccc(Cl)cc4Cl)O3)cc2)CC1,45.450000000000045,,,,
CC(=O)Nc1ccc(O)cc1,26.200000000000045,,,,
CC(=O)O,-123.14999999999998,,,,
CC(=O)OC/C=C(C)/C=C/C=C(C)/C=C/C1=C(C)CCCC1(C)C,-28.819999999999965,,,,
CC(=O)O[C@]1(C(C)=O)CC[C@H]2[C@@H]3C=C(Cl)C4=CC(=O)CC[C@]4(C)[C@H]3CC[C@@]21C,60.85000000000002,,,,
CC(=O)Oc1c(C)c(C)c2c(c1C)CC[C@@](C)(CCC[C@H](C)CCC[C@H](C)CCCC(C)C)O2,-50.14999999999998,,,,
CC(=O)Oc1ccccc1C(=O)O,-30.149999999999977,,,,
CC(=O)S[C@@H]1CC2=CC(=O)CC[C@]2(C)[C@H]2CC[C@@]3(C)[C@@H](CC[C@@]34CCC(=O)O4)[C@H]12,90.85000000000002,,,,
CC(=O)[C@H]1CC[C@H]2[C@@H]3CCC4=CC(=O)CC[C@]4(C)[C@H]3CC[C@]12C,5.850000000000023,,,,
CC(=O)c1ccc(N(c2ccc(C)cc2)c2ccc(C)cc2)cc1,9.0,,,,
CC(=O)c1ccc(S(=O)(=O)NC(=O)NC2CCCCC2)cc1,25.850000000000023,,,,
CC(C(=O)O)c1ccc(-c2ccccc2)c(F)c1,-4.649999999999977,,,,
CC(C(=O)O)c1ccc(N2Cc3ccccc3C2=O)cc1,50.0,,,,
CC(C(=O)O)c1cccc(C(=O)c2ccccc2)c1,-14.0,,,,
CC(C)(C)CC(C)(C)c1ccc(O)c(Cc2ccc(Cl)cc2Cl)c1,-4.149999999999977,,,,
CC(C)(C)CCO,-127.14999999999998,,,,
CC(C)(C)Cl,-143.14999999999998,,,,
CC(C)(C)O,-93.14999999999998,,,,
CC(C)(C)c1ccc(-c2nnc(-c3cc(-c4nnc(-c5ccc(C(C)(C)C)cc5)o4)cc(-c4nnc(-c5ccc(C(C)(C)C)cc5)o4)c3)o2)cc1,138.85000000000002,,,,
CC(C)(C)c1ccc(-c2nnc(-c3ccc(-c4nnc(-c5ccc(C(C)(C)C)cc5)o4)cc3)o2)cc1,76.85000000000002,,,,
CC(C)(C)c1ccc(C=C(c2ccc(N(c3ccccc3)c3ccccc3)cc2)c2ccc(N(c3ccccc3)c3ccccc3)cc2)cc1,81.85000000000002,,,,
CC(C)(C)c1ccccc1,-133.14999999999998,,,,
CC(C)(C)c1ccncc1,-107.14999999999998,,,,
CC(C)(Cc1c[nH]c2ccccc12)NCC(O)COc1ccccc1C#N,82.85000000000002,,,,
CC(C)(Oc1ccc(CCNC(=O)c2ccc(Cl)cc2)cc1)C(=O)O,72.85000000000002,,,,
CC(C)(Sc1cc(C(C)(C)C)c(O)c(C(C)(C)C)c1)Sc1cc(C(C)(C)C)c(O)c(C(C)(C)C)c1,21.850000000000023,,,,
CC(C)(c1ccc(OCC2CO2)cc1)c1ccc(OCC2CO2)cc1,-16.149999999999977,,,1.012,
CC(C)=O,-180.14999999999998,,,,
CC(C)C,-253.14999999999998,,,,
CC(C)C(=O)Nc1ccc([N+](=O)[O-])c(C(F)(F)F)c1,0.8500000000000227,,,,
CC(C)C(C)C,-197.14999999999998,,,,
CC(C)C1CCCCC1,-165.14999999999998,,,,
CC(C)CC(C)O,-115.64999999999998,,,,
CC(C)CCBr,-164.14999999999998,,,,
CC(C)CCCC(C)CCCC(C)CCCCC(C)CCCC(C)CCCC(C)C,-105.74999999999997,,,,
CC(C)CCCC(C)O,-113.14999999999998,,,,
CC(C)CCCCCO,-132.99999999999997,,,,
CC(C)CCCO,-141.29999999999998,,,,
CC(C)CCC[C@@H](C)[C@H]1CC[C@H]2[C@@H]3CC=C4C[C@@H](O)CC[C@]4(C)[C@H]3CC[C@]12C,58.85000000000002,,,,
CC(C)COC(=O)c1ccccc1C(=O)OCC(C)C,-82.04999999999998,,,,
CC(C)COC(C(=O)c1ccccc1)c1ccccc1,-52.99999999999997,,,,
CC(C)Cc1ccc(C(C)C(=O)O)cc1,-45.14999999999998,,,,
CC(C)NCC(O)COc1ccc(CC(N)=O)cc1,22.0,,,,
CC(C)O,-158.14999999999998,,,,
CC(C)OC(=O)C(C)(C)Oc1ccc(C(=O)c2ccc(Cl)cc2)cc1,-17.849999999999966,,,,
CC(C)OCCO,-132.14999999999998,,,,
CC(C)c1ccc(C=C(c2ccc(N(c3ccccc3)c3ccccc3)cc2)c2ccc(N(c3ccccc3)c3ccccc3)cc2)c(C(C)C)c1,70.85000000000002,,,,
CC(C)c1ccccc1,-148.14999999999998,,,,
CC(C)c1nc(CN(C)C(=O)N[C@H](C(=O)N[C@@H](Cc2ccccc2)C[C@H](O)[C@H](Cc2ccccc2)NC(=O)OCc2cncs2)C(C)C)cs1,48.85000000000002,,,,
CC(C)n1c2ccccc2c2cc(/C=N/N(c3ccccc3)c3ccccc3)ccc21,63.85000000000002,,,,
CC(F)(Cl)Cl,-232.14999999999998,,,,
CC(F)(F)Cl,-246.14999999999998,,,,
CC(N)CN,-129.04999999999998,,,,
CC(O)(CS(=O)(=O)c1ccc(F)cc1)C(=O)Nc1ccc(C#N)c(C(F)(F)F)c1,49.85000000000002,,,,
CC(O)C(=O)O,-69.14999999999998,,,,
CC(O)CC(C)(C)O,-81.59999999999997,,,,
CC(O)CC(C)O,-68.14999999999998,,,,
CC(O)CCC(C)O,-69.64999999999998,,,,
CC(O)CCCCO,-93.74999999999997,,,,
CC(O)CCCO,-97.34999999999997,,,,
CC(O)CCO,-100.14999999999998,,,,
CC(O)COC(C)(C)C,-98.99999999999997,,,,
CC(O)COC(C)COC(C)CO,-80.14999999999998,,,,
CC(O)Cn1cnc2c1c(=O)n(C)c(=O)n2C,21.850000000000023,,,,
CC/C(=C(\c1ccccc1)c1ccc(OCCN(C)C)cc1)c1ccccc1,-10.149999999999977,,,,
CC1(C)NC(=O)N(c2ccc([N+](=O)[O-])c(C(F)(F)F)c2)C1=O,32.85000000000002,,,,
CC1(C)OC[C@H](CO)O1,8.850000000000023,,,,
CC1(C)c2ccccc2-c2ccc(-n3c4ccccc4c4cc(-c5ccc6c(c5)c5ccccc5n6-c5ccc6c(c5)C(C)(C)c5ccccc5-6)ccc43)cc21,177.8,,,,
CC12CCC3c4ccc(O)cc4CCC3C1CCC2O,84.85000000000002,,,,
CC1=C(CC(=O)O)c2cc(F)ccc2/C1=C\c1ccc(S(C)=O)cc1,74.85000000000002,,,,
CC1=C2C3OC(=O)C(C)C3CCC2(C)C=CC1=O,16.850000000000023,,,,
CC1=NCCC1,-133.59999999999997,,,,
CC1CC=CCC1,-179.14999999999998,,,,
CC1CCCCC1,-186.14999999999998,,,,
CC1CCCO1,-182.14999999999998,,,,
CC1CCc2nccnc21,-102.74999999999997,,,,
CC1COC(=O)O1,-114.14999999999998,,,,
CC1Cc2ccccc2N1NC(=O)c1ccc(Cl)c(S(N)(=O)=O)c1,98.0,,,,
CC=C(C)C,-200.14999999999998,,,,
CC=Cc1ccc(O)c(OC)c1,-53.04999999999998,,,,
CC=O,-191.14999999999998,,,,
CCC(=C(CC)c1ccc(O)cc1)c1ccc(O)cc1,34.85000000000002,,,,
CCC(=O)OCC(=O)[C@@]1(OC(=O)CC)[C@@H](C)C[C@H]2[C@@H]3CCC4=CC(=O)C=C[C@]4(C)[C@@]3(Cl)[C@@H](O)C[C@@]21C,66.0,,,,
CCC(Br)CC,-165.14999999999998,,,,
CCC(C)(C)C(=O)O[C@H]1C[C@@H](C)C=C2C=C[C@H](C)[C@H](CC[C@@H]3C[C@@H](O)CC(=O)O3)[C@H]21,35.85000000000002,,,,
CCC(C)Br,-176.14999999999998,,,,
CCC(C)C,-204.14999999999998,,,,
CCC(C)C(C)O,-124.29999999999998,,,,
CCC(C)CC,-196.14999999999998,,,,
CCC(C)CC(O)CC,-113.99999999999997,,,,
CCC(C)CCC(C)O,-117.29999999999998,,,,
CCC(C)CCCCO,-135.14999999999998,,,,
CCC(C)O,-173.14999999999998,,,,
CCC(C)c1ccccc1,-145.14999999999998,,,,
CCC(C)n1ncn(-c2ccc(N3CCN(c4ccc(OC[C@H]5CO[C@](Cn6cncn6)(c6ccc(Cl)cc6Cl)O5)cc4)CC3)cc2)c1=O,59.25,,,,
CCC(CC)CO,-140.64999999999998,,,,
CCC(O)CCC(C)C,-113.99999999999997,,,,
CCC(O)c1ccccc1,-79.49999999999997,,,,
CCC1(C2=CCCCC2)C(=O)NC(=O)NC1=O,41.5,,,,
CCC1(C2=CCCCCC2)C(=O)NC(=O)NC1=O,32.0,,,,
CCC1(CCC(C)C)C(=O)NC(=O)NC1=O,12.850000000000023,,,,
CCC1(c2ccccc2)C(=O)NC(=O)N(C)C1=O,-3.0,,,,
CCC1(c2ccccc2)C(=O)NC(=O)NC1=O,47.85000000000002,,,,
CCC1CCCCC1,-175.14999999999998,,,,
CCCC#N,-173.14999999999998,,,,
CCCC(C)(O)CCC,-106.14999999999998,,,,
CCCC(C)C,-195.14999999999998,,,,
CCCC(C)C(O)CC,-110.94999999999999,,,,
CCCC(C)C1(CC)C(=O)NC(=O)NC1=O,5.850000000000023,,,,
CCCC(C)CC,-185.14999999999998,,,,
CCCC(C)CC(C)O,-125.14999999999998,,,,
CCCC(C)CO,-133.39999999999998,,,,
CCCC(O)C(CC)CO,-59.849999999999966,,,,
CCCC(O)CC(C)C,-106.14999999999998,,,,
CCCC(O)CO,-92.14999999999998,,,,
CCCC1O[C@@H]2C[C@H]3[C@@H]4CCC5=CC(=O)C=C[C@]5(C)[C@H]4[C@@H](O)C[C@]3(C)[C@]2(C(=O)CO)O1,94.85000000000002,,,,
CCCCBr,-176.64999999999998,,,,
CCCCC(C)(O)CC,-121.99999999999997,,,,
CCCCC(C)CC,-175.14999999999998,,,,
CCCCC(C)O,-127.29999999999998,,,,
CCCCC(CC)CN,-132.14999999999998,,,,
CCCCC(CC)CO,-127.14999999999998,,,,
CCCCC(CC)COC(=O)c1ccccc1C(=O)OCC(CC)CCCC,-86.14999999999998,,,,
CCCCC(CC)COC(C)=O,-126.69999999999999,,,,
CCCCC(CC)COCCO,-114.54999999999998,,,,
CCCCC(O)C(C)C,-114.99999999999997,,,,
CCCCC1(CC)C(=O)NC(=O)NC1=O,5.0,,,,
CCCCC1C(=O)N(c2ccccc2)N(c2ccccc2)C1=O,3.8500000000000227,,,,
CCCCC1CCCCC1,-154.14999999999998,,,,
CCCCCC,-250.14999999999998,,,,
CCCCCC(C)C,-193.14999999999998,,,,
CCCCCC(C)CCC,-155.14999999999998,,,,
CCCCCC(C)CO,-128.99999999999997,,,,
CCCCCCC,-229.14999999999998,,,,
CCCCCCC(CO)CCCC,-109.04999999999998,,,,
CCCCCCCCCC,-219.14999999999998,,,,
CCCCCCCCCCCC,-197.14999999999998,,,,
CCCCCCCCCCC[C@@H](C[C@@H]1OC(=O)[C@H]1CCCCCC)OC(=O)[C@H](CC(C)C)NC=O,-45.14999999999998,,,,
CCCCCCO,-148.14999999999998,,,,
CCCCCCc1ccccc1,-133.14999999999998,,,,
CCCCCN(C(=O)OCC)c1ccc([N+](=O)[O-])cc1,-30.149999999999977,,,,
CCCCNC(=O)NS(=O)(=O)c1ccc(C)cc1,4.0,,,,
CCCCOC(=O)CC(CC(=O)OCCCC)(OC(C)=O)C(=O)OCCCC,-86.14999999999998,,,,
CCCCOC(=O)CC(O)(CC(=O)OCCCC)C(=O)OCCCC,-89.14999999999998,,,,
CCCCOC(=O)c1ccccc1C(=O)OCCCC,-94.14999999999998,,,,
CCCCOCC(C)O,-118.04999999999998,,,,
CCCCOP(=O)(OCCCC)OCCCC,-130.29999999999998,,,,
CCCCOc1cc(C(=O)NCCN(CC)CC)c2ccccc2n1,-34.99999999999997,,,,
CCCCc1ccccc1,-144.14999999999998,,,,
CCCNC(=O)NS(=O)(=O)c1ccc(Cl)cc1,16.0,,,,
CCCO,-175.14999999999998,,,0.912,
CCCOC(=O)Nc1ccccc1,-70.14999999999998,,,,
CCCOCC(C)O,-119.44999999999999,,,,
CCCSc1ccc2nc(NC(=O)OC)[nH]c2c1,59.85000000000002,,,,
CCCc1ccccc1,-148.14999999999998,,,0.902,
CCCc1nc2c(C)cc(-c3nc4ccccc4n3C)cc2n1Cc1ccc(-c2ccccc2C(=O)O)cc1,127.15000000000003,,,,
CCN(CC)CC(=O)Nc1c(C)cccc1C,-38.99999999999997,,,,
CCN(CC)CCOC(=O)c1ccc(N)cc1,-39.14999999999998,,,,
CCNC(C)=O,-115.14999999999998,,,,
CCO,-176.14999999999998,,,,
CCOC(=O)C(C)OC(=O)Nc1ccc([N+](=O)[O-])cc1C,-0.14999999999997726,,,,
CCOC(=O)C1=C(C)NC(C)=C(C(=O)OC)C1c1cccc(Cl)c1Cl,42.700000000000045,,,,
CCOC(=O)C1=C(C)NC(C)=C(C(=O)OC)C1c1cccc([N+](=O)[O-])c1,29.850000000000023,,,,
CCOC(=O)CC(CC(=O)OCC)(OC(C)=O)C(=O)OCC,-71.14999999999998,,,,
CCOC(=O)N(CC(CCl)(CCl)CCl)c1ccc([N+](=O)[O-])cc1,19.850000000000023,,,,
CCOC(=O)N(CC(F)(F)C(F)F)c1ccc([N+](=O)[O-])cc1,-12.149999999999977,,,,
CCOC(=O)N1CCC(=C2c3ccc(Cl)cc3CCc3cccnc32)CC1,32.0,,,,
CCOC(=O)Nc1ccccc1,-60.14999999999998,,,,
CCOC(=O)c1ccc(N)cc1,-30.99999999999997,,,,
CCOC(=O)c1ccccc1C(=O)OCC,-95.14999999999998,,,,
CCOCC,-181.14999999999998,,,,
CCOCC(O)CO,-86.09999999999997,,,,
CCOc1ccc(NC(C)=O)cc1,2.0,,,,
CCS(=O)(=O)CCn1c([N+](=O)[O-])cnc1C,-7.149999999999977,,,,
CCc1cccc2c1[nH]c1ccccc12,-1.1999999999999886,,,,
CCc1ccccc1,-158.14999999999998,,,,
CCc1nc(Nc2c(C)cc(C)cc2C)nc(Nc2c(C)cc(C)cc2C)n1,60.0,,,,
CCc1nc(Nc2cc(Br)cc(Br)c2)nc(Nc2cc(Br)cc(Br)c2)n1,66.0,,,,
CCc1nc(Nc2cc(C)cc(C)c2)nc(Nc2cc(C)cc(C)c2)n1,41.0,,,,
CCc1nc(Nc2cc(C)ccc2C)nc(Nc2cc(C)ccc2C)n1,32.0,,,,
CCc1nc(Nc2cc(Cl)cc(Cl)c2)nc(Nc2cc(Cl)cc(Cl)c2)n1,52.0,,,,
CCc1nc(Nc2cc(F)cc(F)c2)nc(Nc2cc(F)cc(F)c2)n1,25.0,,,,
CCc1nc(Nc2cc(I)cc(I)c2)nc(Nc2cc(I)cc(I)c2)n1,96.0,,,,
CCc1nc(Nc2cc(OC)c(OC)c(OC)c2)nc(Nc2cc(OC)c(OC)c(OC)c2)n1,63.0,,,,
CCc1nc(Nc2cc(OC)cc(OC)c2)nc(Nc2cc(OC)cc(OC)c2)n1,35.0,,,,
CCc1nc(Nc2ccc(C)c(C)c2)nc(Nc2ccc(C)c(C)c2)n1,34.0,,,,
CCc1nc(Nc2ccc(C)cc2)nc(Nc2ccc(C)cc2)n1,35.0,,,,
CCc1nc(Nc2ccc(C)cc2C)nc(Nc2ccc(C)cc2C)n1,39.0,,,,
CCc1nc(Nc2cccc(C)c2)nc(Nc2cccc(C)c2)n1,19.0,,,,
CCc1nc(Nc2cccc(C)c2C)nc(Nc2cccc(C)c2C)n1,46.0,,,,
CCc1nc(Nc2ccccc2)nc(Nc2ccccc2)n1,27.0,,,,
CCn1c(-c2ccccc2)cc2ccccc21,7.600000000000023,,,,
CN(C)C(=O)C(CCN1CCC(O)(c2ccc(Cl)cc2)CC1)(c1ccccc1)c1ccccc1,63.75,,,,
CN(C)C=O,-144.14999999999998,,,,
CN(C)CCC(C(=O)N(C)C)(c1ccccc1)c1ccccc1,-16.149999999999977,,,,
CN(C)CCCO,-127.14999999999998,,,,
CN(C)CCc1c[nH]c2ccc(C[C@H]3COC(=O)N3)cc12,48.85000000000002,,,,
CN(C)c1ccc(-c2nnc(-c3cc(-c4nnc(-c5ccc(N(C)C)cc5)o4)cc(-c4nnc(-c5ccc(N(C)C)cc5)o4)c3)o2)cc1,168.85000000000002,,,,
CN(C)c1ccc(-c2nnc(-c3ccc(-c4ccc(-c5nnc(-c6ccc(N(C)C)cc6)o5)cc4)cc3)o2)cc1,128.85000000000002,,,,
CN(C)c1ccc(-c2nnc(-c3ccc(-c4nnc(-c5ccc(N(C)C)cc5)o4)cc3)o2)cc1,95.85000000000002,,,,
CN/C(=C\[N+](=O)[O-])NCCSCc1csc(CN(C)C)n1,12.850000000000023,,,,
CN1C(=O)CN=C(C2=CCCCC2)c2cc(Cl)ccc21,39.85000000000002,,,,
CN1C(=O)CN=C(c2ccccc2)c2cc(Cl)ccc21,46.0,,,,
CN1C(=O)NC(=O)C(C)(C2=CCCCC2)C1=O,12.850000000000023,,,,
CN1CCC[C@@H]1CCO[C@](C)(c1ccccc1)c1ccc(Cl)cc1,34.85000000000002,,,,
CN1[C@@H]2CC[C@H]1CC(OC(=O)C(CO)c1ccccc1)C2,7.850000000000023,,,,
CNC(=O)Oc1ccc2c(c1)[C@]1(C)CCN(C)[C@@H]1N2C,19.850000000000023,,,,
CNC[C@H](O)[C@@H](O)[C@H](O)[C@H](O)CO,18.900000000000034,,,,
CNc1nc(NC(C)(C)C)nc(NC(C)(C)C)n1,39.0,,,,
CNc1nc(NC(C)C)nc(NC(C)C)n1,22.0,,,,
CNc1nc(NC2CCCCC2)nc(NC2CCCCC2)n1,58.0,,,,
CNc1nc(Nc2c(C)cc(C)cc2C)nc(Nc2c(C)cc(C)cc2C)n1,83.0,,,,
CNc1nc(Nc2c(C)cccc2C)nc(Nc2c(C)cccc2C)n1,89.0,,,,
CNc1nc(Nc2cc(Br)cc(Br)c2)nc(Nc2cc(Br)cc(Br)c2)n1,94.0,,,,
CNc1nc(Nc2cc(C(C)(C)C)cc(C(C)(C)C)c2)nc(Nc2cc(C(C)(C)C)cc(C(C)(C)C)c2)n1,129.0,,,,
CNc1nc(Nc2cc(C)cc(C)c2)nc(Nc2cc(C)cc(C)c2)n1,94.0,,,,
CNc1nc(Nc2cc(C)ccc2C)nc(Nc2cc(C)ccc2C)n1,66.0,,,,
CNc1nc(Nc2cc(Cl)cc(Cl)c2)nc(Nc2cc(Cl)cc(Cl)c2)n1,83.0,,,,
CNc1nc(Nc2cc(F)cc(F)c2)nc(Nc2cc(F)cc(F)c2)n1,54.0,,,,
CNc1nc(Nc2cc(I)cc(I)c2)nc(Nc2cc(I)cc(I)c2)n1,128.0,,,,
CNc1nc(Nc2cc(OC)c(OC)c(OC)c2)nc(Nc2cc(OC)c(OC)c(OC)c2)n1,94.0,,,,
CNc1nc(Nc2cc(OC)cc(OC)c2)nc(Nc2cc(OC)cc(OC)c2)n1,65.0,,,,
CNc1nc(Nc2ccc(C)c(C)c2)nc(Nc2ccc(C)c(C)c2)n1,71.0,,,,
CNc1nc(Nc2ccc(C)cc2)nc(Nc2ccc(C)cc2)n1,67.0,,,,
CNc1nc(Nc2ccc(C)cc2C)nc(Nc2ccc(C)cc2C)n1,54.0,,,,
CNc1nc(Nc2cccc(C)c2)nc(Nc2cccc(C)c2)n1,60.0,,,,
CNc1nc(Nc2cccc(C)c2C)nc(Nc2cccc(C)c2C)n1,70.0,,,,
CNc1nc(Nc2ccccc2)nc(Nc2ccccc2)n1,56.0,,,,
CNc1nc(Nc2ccccc2C)nc(Nc2ccccc2C)n1,55.0,,,,
CO,-170.14999999999998,,,,
COC(=O)C1=C(C)NC(C)=C(C(=O)OC(C)C)C1c1cccc2nonc12,42.85000000000002,,,,
COC(=O)C1=C(C)NC(C)=C(C(=O)OC)C1c1ccccc1[N+](=O)[O-],48.0,,,,
COC(=O)C1=C(C)NC(C)=C(C(=O)OCC(C)C)C1c1ccccc1[N+](=O)[O-],33.85000000000002,,,,
COC(=O)Nc1ccccc1,-55.14999999999998,,,,
COC(=O)[C@H](C)O,12.850000000000023,,,,
COC(=O)c1cccc(C)c1,-108.14999999999998,,,,
COC(=O)c1ccccc1C,-105.89999999999998,,,,
COC(=O)c1ccccc1C(=O)OC,-78.96999999999997,,,,
COC(C)CCO,-127.84999999999997,,,,
COC1=CC(=O)CC(C)C12Oc1c(Cl)c(OC)cc(OC)c1C2=O,85.85000000000002,,,,
COCC(C)O,-127.94999999999999,,,,
COCCOC(=O)C1=C(C)NC(C)=C(C(=O)OC(C)C)C1c1cccc([N+](=O)[O-])c1,20.0,,,,
COc1cc(NS(=O)(=O)c2ccc(N)cc2)nc(OC)n1,65.85000000000002,,,,
COc1cc([N+](=O)[O-])ccc1N,57.85000000000002,,,,
COc1cc2c(c(OC)c1OC)-c1ccc(OC)c(=O)cc1[C@@H](NC(C)=O)CC2,101.35000000000002,,,,
COc1cc2c(cc1OC)[C@@]13CCN4CC5=CCO[C@H]6CC(=O)N2[C@H]1[C@H]6[C@H]5C[C@H]43,91.85000000000002,,,,
COc1ccc(-c2nnc(-c3cc(-c4nnc(-c5ccc(OC)cc5)o4)cc(-c4nnc(-c5ccc(OC)cc5)o4)c3)o2)cc1,107.85000000000002,,,,
COc1ccc(-c2nnc(-c3cc(-c4nnc(-c5ccc(OC)cc5OC)o4)cc(-c4nnc(-c5ccc(OC)cc5OC)o4)c3)o2)c(OC)c1,131.85000000000002,,,,
COc1ccc(C(C)(C)c2ccc(OC)c(C)c2)cc1C,-33.14999999999998,,,,
COc1ccc(C(Cl)=C(c2ccc(OC)cc2)c2ccc(OC)cc2)cc1,24.850000000000023,,,,
COc1ccc(C(c2ccccc2)(c2ccccc2)c2ccc(OC)cc2)cc1,23.850000000000023,,,,
COc1ccc(C2(c3ccc(OC)c(C)c3)OC(=O)c3ccccc32)cc1C,40.85000000000002,,,,
COc1ccc(C2(c3ccc(OC)cc3)OC(=O)c3ccccc32)cc1,20.850000000000023,,,,
COc1ccc(Cl)cc1C(=O)NCCc1ccc(S(=O)(=O)NC(=O)NC2CCCCC2)cc1,59.85000000000002,,,,
COc1ccc(N)cc1,13.850000000000023,,,,
COc1ccc2c(c1)c(CC(=O)O)c(C)n2C(=O)c1ccc(Cl)cc1,40.85000000000002,,,,
COc1ccc2c(c1)c(CC(=O)OCC(=O)O)c(C)n2C(=O)c1ccc(Cl)cc1,36.85000000000002,,,,
COc1ccc2cc([C@H](C)C(=O)O)ccc2c1,29.0,,,,
COc1ccc2nc(S(=O)Cc3ncc(C)c(OC)c3C)[nH]c2c1,50.85000000000002,,,,
COc1ccccc1,-151.14999999999998,,,,
COc1ccccc1OCCNCC(O)COc1cccc2[nH]c3ccccc3c12,37.0,,,,
CS(=O)(=O)Nc1ccc([N+](=O)[O-])cc1Oc1ccccc1,22.850000000000023,,,,
CS(C)(=O)=O,-83.14999999999998,,,,
CS(C)=O,-123.14999999999998,,,,
C[C@@H](O[C@H]1OCCN(Cc2n[nH]c(=O)[nH]2)[C@H]1c1ccc(F)cc1)c1cc(C(F)(F)F)cc(C(F)(F)F)c1,35.85000000000002,,,,
C[C@@H](c1ccc2ccccc2c1)n1c(=O)c2ccccc2c2ccccc2c1=O,59.85000000000002,,,,
C[C@@H](c1ccccc1)N1C(=O)c2c(Br)c(Br)c(Br)c(Br)c2C1=O,56.85000000000002,,,,
C[C@@H](c1ccccc1)N1C(=O)c2c(Cl)c(Cl)c(Cl)c(Cl)c2C1=O,39.85000000000002,,,,
C[C@@H](c1ccccc1)N1C(=O)c2c(I)c(I)c(I)c(I)c2C1=O,96.85000000000002,,,,
C[C@@H](c1ccccc1)N1C(=O)c2cccc([N+](=O)[O-])c2C1=O,15.850000000000023,,,,
C[C@@H](c1ccccc1)N1C(=O)c2cccc3c([N+](=O)[O-])ccc(c23)C1=O,46.85000000000002,,,,
C[C@@H](c1ccccc1)N1C(=O)c2cccc3cccc(c23)C1=O,45.85000000000002,,,,
C[C@@H]1CC[C@@H](C)[C@H](OC(=O)Nc2cccc([N+](=O)[O-])c2)C1,14.850000000000023,,,,
C[C@@H]1OC(O)[C@@H](O)[C@H](O)[C@@H]1O,31.0,,,,
C[C@@H]1OC(O)[C@H](O)[C@H](O)[C@H]1O,0.0,,,,
C[C@H](C(=O)O)c1cccc(C(=O)c2ccccc2)c1,-0.39999999999997726,,,,
C[C@H](CCC(=O)O)[C@H]1CC[C@H]2[C@@H]3C(=O)C[C@@H]4CC(=O)CC[C@]4(C)[C@H]3CC(=O)[C@]12C,74.85000000000002,,,,
C[C@H](CCC(=O)O)[C@H]1CC[C@H]2[C@@H]3CC[C@@H]4C[C@H](O)CC[C@]4(C)[C@H]3C[C@H](O)[C@]12C,103.85000000000002,,,,
C[C@H](CCC(=O)O)[C@H]1CC[C@H]2[C@@H]3[C@@H](O)C[C@@H]4C[C@H](O)CC[C@]4(C)[C@H]3CC[C@]12C,105.85000000000002,,,,
C[C@H](CCC(=O)O)[C@H]1CC[C@H]2[C@@H]3[C@H](O)C[C@@H]4C[C@H](O)CC[C@]4(C)[C@H]3CC[C@]12C,97.85000000000002,,,,
C[C@H](CCC(=O)O)[C@H]1CC[C@H]2[C@@H]3[C@H](O)C[C@@H]4C[C@H](O)CC[C@]4(C)[C@H]3C[C@H](O)[C@]12C,119.85000000000002,,,,
C[C@H](CS)C(=O)N1CCC[C@H]1C(=O)O,3.8500000000000227,,,,
C[C@H](CSC(=O)c1ccccc1)C(=O)Cl,-12.149999999999977,,,,
C[C@H](Cn1cnc2c(N)ncnc21)OCP(=O)(O)O,142.85000000000002,,,,
C[C@H](NC(=S)Nc1ccc([N+](=O)[O-])cc1)c1ccccc1,39.85000000000002,,,,
C[C@H](Nc1cc(N[C@@H](C)c2ccccc2)c([N+](=O)[O-])cc1[N+](=O)[O-])c1ccccc1,42.85000000000002,,,,
C[C@H](c1ccc2ccccc2c1)n1c(=O)c2ccccc2c2ccccc2c1=O,82.85000000000002,,,,
C[C@H](c1cccc2ccccc12)N1C(=O)c2c(Cl)c(Cl)c(Cl)c(Cl)c2C1=O,88.85000000000002,,,,
C[C@]12C=CC(=O)C=C1CC[C@@H]1[C@@H]2C(=O)C[C@@]2(C)[C@H]1CC[C@]2(O)C(=O)CO,92.85000000000002,,,,
C[C@]12CCC(=O)C=C1CC[C@@H]1[C@@H]2CC[C@@]2(C)[C@H]1CC[C@]2(C)O,-3.1499999999999773,,,,
C[C@]12CCC(=O)C=C1CC[C@@H]1[C@@H]2[C@@H](O)C[C@@]2(C)[C@H]1CC[C@]2(O)C(=O)CO,85.85000000000002,,,,
C[C@]12CC[C@@H]3c4ccc(OC(=O)c5ccccc5)cc4CC[C@H]3[C@@H]1CC[C@@H]2O,62.85000000000002,,,,
C[C@]12CC[C@H]3[C@@H](CCC4=CC(=O)CC[C@@H]43)[C@@H]1CC[C@@H]2O,36.85000000000002,,,,
C[C@]12CC[C@H]3[C@@H](CCC4=CC(=O)CC[C@@]43C)[C@@H]1CC[C@@H]2O,41.85000000000002,,,,
Cc1[nH]c2ccccc2c1C,-121.89999999999998,,,,
Cc1c(Br)c(Br)c(Br)c(Br)c1Br,-71.14999999999998,,,,
Cc1c(Cl)cccc1Nc1ccccc1C(=O)O,63.0,,,,
Cc1cc(=O)n(-c2ccccc2)n1C,-17.149999999999977,,,,
Cc1cc2ccccc2[nH]1,-124.89999999999998,,,,
Cc1ccc(-c2cc(C(F)(F)F)nn2-c2ccc(S(N)(=O)=O)cc2)cc1,58.10000000000002,,,,
Cc1ccc(-c2ncc(Cl)cc2-c2ccc(S(C)(=O)=O)cc2)cn1,40.80000000000001,,,,
Cc1ccc(N(c2ccc(C)cc2)c2ccc(C3(c4ccc(N(c5ccc(C)cc5)c5ccc(C)cc5)cc4)CCCCC3)cc2)cc1,77.85000000000002,,,,
Cc1ccc(N(c2ccccc2)c2cc(N(c3ccccc3)c3ccccc3)cc(N(c3ccc(C)cc3)c3ccc(C)cc3)c2)cc1,57.85000000000002,,,,
Cc1ccc(N(c2ccccc2)c2ccc(N(c3ccccc3)c3ccc(C)cc3)cc2)cc1,51.85000000000002,,,,
Cc1ccc(O)c(CO)c1CO,-32.14999999999998,,,,
Cc1ccc(OCC2CO2)cc1,-69.14999999999998,,,,
Cc1ccc(S(=O)(=O)NC(=O)NN2CCCCCC2)cc1,23.850000000000023,,,,
Cc1ccc2ccccc2n1,-93.14999999999998,,,,
Cc1cccc(C(=O)c2ccccc2)c1,-57.69999999999999,,,,
Cc1cccc(C)c1,-153.14999999999998,,,,
Cc1cccc(C)c1CNc1cc(C(=O)NCCO)cn2c(C)c(C)nc12,99.85000000000002,,,,
Cc1cccc(F)c1,-156.14999999999998,,,,
Cc1cccc(N(C)C(=S)Oc2ccc3ccccc3c2)c1,13.850000000000023,,,,
Cc1cccc(N(c2ccccc2)c2cc(N(c3ccccc3)c3cccc(C)c3)cc(N(c3ccccc3)c3cccc(C)c3)c2)c1,60.85000000000002,,,,
Cc1cccc(N(c2ccccc2)c2cc(N(c3ccccc3)c3ccccc3)cc(N(c3cccc(C)c3)c3cccc(C)c3)c2)c1,48.85000000000002,,,,
Cc1cccc(N(c2ccccc2)c2ccc(-c3ccc(N(c4ccccc4)c4cccc(C)c4)cc3)cc2)c1,64.35000000000002,,,,
Cc1cccc(N(c2ccccc2)c2ccc(N(c3ccc(N(c4ccccc4)c4cccc(C)c4)cc3)c3ccc(N(c4ccccc4)c4cccc(C)c4)cc3)cc2)c1,74.85000000000002,,,,
Cc1cccc(N)c1,-86.14999999999998,,,,
Cc1cccc(O)c1,-74.64999999999998,,,,
Cc1ccccc1,-156.14999999999998,,,,
Cc1ccccc1C,-150.14999999999998,,,,
Cc1ccccc1N,-84.14999999999998,,,,
Cc1ccccc1N1C(=O)c2cc(S(N)(=O)=O)c(Cl)cc2NC1C,108.85000000000002,,,,
Cc1ccccc1OCC(O)CO,-26.149999999999977,,,,
Cc1ccccn1,-136.84999999999997,,,,
Cc1ccnc(C)c1,-123.09999999999997,,,,
Cc1noc(NS(=O)(=O)c2ccc(N)cc2)c1C,32.85000000000002,,,,
ClC(c1ccccc1)(c1ccccc1)c1ccccc1,-30.149999999999977,,,,
Clc1cc(Cl)cc(-c2cc(Cl)cc(Cl)c2)c1,-44.14999999999998,,,,
Clc1ccc(Br)cc1-c1nnc(-c2cc(-c3nnc(-c4cc(Br)ccc4Cl)o3)cc(-c3nnc(-c4cc(Br)ccc4Cl)o3)c2)o1,139.85000000000002,,,,
Clc1ccc(COC(Cn2ccnc2)c2ccc(Cl)cc2Cl)c(Cl)c1,1.650000000000034,,,,
Clc1ccccc1,-145.14999999999998,,,,
Clc1ccccc1C(c1ccccc1)(c1ccccc1)n1ccnc1,29.850000000000023,,,,
Cn1c(=O)c2[nH]cnc2n(C)c1=O,94.0,,,,
Cn1c(=O)c2c(ncn2C)n(C)c1=O,-13.149999999999977,,,,
Cn1c(=O)c2c(ncn2CC(O)CO)n(C)c1=O,41.85000000000002,,,,
Cn1c2ccccc2c2cc(/C=C/C=N/N(c3ccccc3)c3ccccc3)ccc21,60.85000000000002,,,,
Cn1c2ccccc2c2cc(/C=N/N(c3ccccc3)c3ccccc3)ccc21,59.85000000000002,,,,
Cn1ccc2ccccc21,-88.44999999999999,,,,
Cn1cccn1,-124.69999999999999,,,,
Cn1cnc2ccccc21,-108.69999999999999,,,,
FC(C(F)(F)F)C(F)(F)F,-226.14999999999998,,,,
FC(F)(Cl)Cl,-255.14999999999998,,,,
FC(F)(F)C(Cl)Cl,-214.14999999999998,,,,
FC(F)(F)Cl,-255.14999999999998,,,,
FC(F)(F)c1ccc(-c2nnc(-c3cc(-c4nnc(-c5ccc(C(F)(F)F)cc5)o4)cc(-c4nnc(-c5ccc(C(F)(F)F)cc5)o4)c3)o2)cc1,137.85000000000002,,,,
FC(F)C(F)C(F)(F)F,-178.14999999999998,,,,
FCC(F)(F)F,-202.14999999999998,,,,
N,-243.14999999999998,,,,
N#Cc1ccc(N)cc1,40.85000000000002,,,,
NC(=NCCCCCCN=C(N)/N=C(\N)Nc1ccc(Cl)cc1)/N=C(\N)Nc1ccc(Cl)cc1,62.85000000000002,,,,
NC(=O)N1c2ccccc2C=Cc2ccccc21,61.0,,,,
NC(=O)c1ccccc1,-10.0,,,,
NC(N)=Nc1nc(CSCCC(N)=NS(N)(=O)=O)cs1,49.85000000000002,,,,
NCCCCO,-114.99999999999997,,,,
NCCCO,-104.99999999999997,,,,
NCCO,-126.99999999999997,,,,
NS(=O)(=O)c1cc2c(cc1C(F)(F)F)NCNS2(=O)=O,99.85000000000002,,,,
NS(=O)(=O)c1cc2c(cc1Cl)NCNS2(=O)=O,117.85000000000002,,,,
Nc1ccc(C2(c3ccc(N)cc3)OC(=O)c3ccccc32)cc1,79.85000000000002,,,,
Nc1ccc(C2(c3ccc(N)cc3)c3ccccc3-c3ccccc32)cc1,86.85000000000002,,,,
Nc1ccc(Cl)c(Cl)c1,22.850000000000023,,,,
Nc1ccc(Cl)cc1,23.850000000000023,,,,
Nc1ccc(S(=O)(=O)Nc2nccs2)cc1,60.85000000000002,,,,
Nc1ccc([N+](=O)[O-])c2ccccc12,31.850000000000023,,,,
Nc1ccc([N+](=O)[O-])cc1,44.85000000000002,,,,
Nc1ccc([N+](=O)[O-])cc1Cl,50.85000000000002,,,,
Nc1ccc2ccccc2c1,30.850000000000023,,,,
Nc1cccc(C(F)(F)F)c1,6.850000000000023,,,,
Nc1cccc(Cl)c1,12.850000000000023,,,,
Nc1cccc(F)c1,-100.14999999999998,,,,
Nc1cccc([N+](=O)[O-])c1,27.850000000000023,,,,
Nc1cccc2ccccc12,32.85000000000002,,,,
Nc1ccccc1,-81.14999999999998,,,,
Nc1ccccc1C(=O)O,5.0,,,,
Nc1ccccc1Cl,18.850000000000023,,,,
Nc1ccccc1F,-99.14999999999998,,,,
Nc1ccccc1[N+](=O)[O-],25.850000000000023,,,,
Nc1nc(=O)n([C@@H]2CS[C@H](CO)O2)cc1F,70.85000000000002,,,,
Nc1nc2cc(Cl)ccc2o1,11.0,,,,
Nc1nnc(-c2cccc(Cl)c2Cl)c(N)n1,94.0,,,,
O=C(/C=C/C=C/c1ccc2c(c1)OCO2)N1CCCCC1,10.850000000000023,,,,
O=C(CCCN1CC=C(n2c(=O)[nH]c3ccccc32)CC1)c1ccc(F)cc1,29.0,,,,
O=C(CCCN1CCC(O)(c2ccc(Cl)cc2)CC1)c1ccc(F)cc1,33.0,,,,
O=C(CCNNC(=O)c1ccncc1)NCc1ccccc1,23.850000000000023,,,,
O=C(N[C@H](CO)[C@H](O)c1ccc([N+](=O)[O-])cc1)C(Cl)Cl,30.850000000000023,,,,
O=C(Nc1ccccc1)OCCc1ccccc1,-38.14999999999998,,,,
O=C(Nc1ccccc1)OCc1ccccc1,-40.14999999999998,,,,
O=C(O)C(O)C(O)C(=O)O,15.850000000000023,,,,
O=C(O)CC(O)(CC(=O)O)C(=O)O,9.850000000000023,,,,
O=C(O)COC(=O)Cc1ccccc1Nc1c(Cl)cccc1Cl,9.850000000000023,,,,
O=C(O)Cc1ccc(-c2ccccc2)cc1,24.0,,,,
O=C(O)c1ccc(-c2ccccc2)cc1,69.0,,,,
O=C(O)c1ccccc1Nc1cccc(C(F)(F)F)c1,11.850000000000023,,,,
O=C(OCC(O)CO)c1ccccc1Nc1ccnc2cc(Cl)ccc12,63.85000000000002,,,,
O=C(OC[C@@]1(O[C@H]2O[C@H](CO)[C@@H](O)[C@H](O)[C@H]2O)O[C@H](CO)[C@@H](O)[C@@H]1O)c1ccccc1,63.85000000000002,,,,
O=C(Oc1ccccc1)c1ccccc1O,-53.99999999999997,,,,
O=C(c1ccccc1)c1ccccc1,-61.14999999999998,,,,
O=C1CCc2ccc(OCCCCN3CCN(c4cccc(Cl)c4Cl)CC3)cc2N1,89.85000000000002,,,,
O=C1CN=C(c2ccccc2)c2cc(Cl)ccc2N1,73.65000000000003,,,,
O=C1OC(c2ccc(O)cc2)(c2ccc(O)cc2)c2ccccc21,89.85000000000002,,,,
O=C1OC2(OC=C(c3ccccc3)C2=O)c2ccccc21,25.850000000000023,,,,
O=C1[C@H](CC[C@H](O)c2ccc(F)cc2)[C@@H](c2ccc(O)cc2)N1c1ccc(F)cc1,64.85000000000002,,,,
O=C1c2cccc3cccc(c23)C(=O)N1c1ccc(Cc2ccc(N3C(=O)c4cccc5cccc(c45)C3=O)cc2)cc1,169.85000000000002,,,,
O=Cc1ccc(-c2ccccc2)cc1,-49.99999999999997,,,,
O=Cc1ccccc1,-124.14999999999998,,,,
O=P(Oc1ccccc1)(Oc1ccccc1)Oc1ccccc1,-68.14999999999998,,,,
O=[N+]([O-])c1c(Cl)c(Cl)c(Cl)c(Cl)c1Cl,-72.14999999999998,,,,
O=[N+]([O-])c1ccccc1,-112.14999999999998,,,,
O=c1[nH]c2cc(Cl)ccc2o1,38.0,,,,
O=c1[nH]c2ccccc2n1C1CCN(CCCC(c2ccc(F)cc2)c2ccc(F)cc2)CC1,61.85000000000002,,,,
OC1(c2ccc(Cl)cc2)CCNCC1,19.05000000000001,,,,
OC1CCCCCC1,-133.14999999999998,,,,
OC1OC[C@@H](O)[C@@H](O)[C@H]1O,-13.0,,,,
OC1OC[C@@H](O)[C@H](O)[C@@H]1O,3.9500000000000455,,,,
OC1OC[C@@H](O)[C@H](O)[C@H]1O,9.850000000000023,,,,
OC1OC[C@H](O)[C@H](O)[C@H]1O,3.0,,,,
OCC(F)(F)F,-129.14999999999998,,,,
OCC(O)CO,-83.99999999999997,,,,
OCC1(O)OC[C@@H](O)[C@@H](O)[C@@H]1O,10.0,,,,
OCC1(O)OC[C@H](O)[C@@H](O)[C@@H]1O,27.0,,,,
OCCCCC(O)CO,-71.14999999999998,,,,
OCCCCCO,-109.49999999999997,,,,
OCCCO,-119.14999999999998,,,,
OCCO,-118.14999999999998,,,,
OC[C@@H](O)C(O)[C@@H](O)CO,-22.99999999999997,,,,
OC[C@@H](O)[C@@H](O)[C@H](O)[C@@H](O)CO,-7.149999999999977,,,,
OC[C@@H](O)[C@@H](O)[C@H](O)[C@H](O)CO,8.850000000000023,,,,
OC[C@@H](O)[C@@H](O[C@H]1O[C@H](CO)[C@@H](O)[C@H](O)[C@H]1O)[C@H](O)[C@@H](O)CO,44.0,,,,
OC[C@H]1OC(O)[C@@H](O)[C@@H](O)[C@@H]1O,31.0,,,,
OC[C@H]1OC(O)[C@H](O)[C@@H](O)[C@H]1O,38.0,,,,
OC[C@H]1O[C@@H](O[C@H]2[C@H](O)[C@@H](O)[C@H](O)O[C@@H]2CO)[CH][C@@H](O)[C@H]1O,101.0,,,,
OC[C@H]1O[C@@](CO)(O[C@H]2O[C@H](CO)[C@@H](O)[C@H](O)[C@H]2O)[C@@H](O)[C@@H]1O,67.0,,,,
OC[C@H]1O[C@H](OC[C@H]2OC(O)[C@H](O)[C@@H](O)[C@@H]2O)[C@H](O)[C@@H](O)[C@H]1O,91.0,,,,
OC[C@H]1O[C@H](O[C@H]2O[C@H](CO)[C@@H](O)[C@H](O)[C@H]2O)[C@H](O)[C@@H](O)[C@@H]1O,107.0,,,,
OC[C@H]1O[C@H](O[C@H]2[C@H](O)[C@@H](O)[C@H](O)O[C@@H]2CO)[C@H](O)[C@@H](O)[C@@H]1O,92.0,,,,
OCc1ccc(-c2ccccc2)cc1,-21.99999999999997,,,,
OCc1ccccc1,-102.14999999999998,,,,
OCc1ccccc1O[C@@H]1O[C@H](CO)[C@@H](O)[C@H](O)[C@H]1O,59.85000000000002,,,,
Oc1ccc(-c2ccccc2)cc1,21.0,,,,
Oc1ccc(C2(c3ccc(O)cc3)c3ccccc3-c3ccccc32)cc1,98.85000000000002,,,,
Oc1cccc(F)c1,-82.14999999999998,,,,
Oc1ccccc1,-75.14999999999998,,,,
Oc1ccccc1Cc1ccccc1,-53.14999999999998,,,,
[2H]O[2H],-113.14999999999998,,,,
c1cc(-c2cccc3ccccc23)c(-c2cccc3ccccc23)c(-c2cccc3ccccc23)c1,71.65000000000003,,,,
c1cc(N(CC2CO2)CC2CO2)ccc1OCC1CO1,-29.149999999999977,,,,
c1cc(N2C3CCCCC3SC3CCCCC32)ccc1N(c1ccc(N2C3CCCCC3SC3CCCCC32)cc1)c1ccc(N2C3CCCCC3SC3CCCCC32)cc1,140.85000000000002,,,,
c1ccc(-c2ccc(-c3nnc(-c4cc(-c5nnc(-c6ccc(-c7ccccc7)cc6)o5)cc(-c5nnc(-c6ccc(-c7ccccc7)cc6)o5)c4)o3)cc2)cc1,146.85000000000002,,,,
c1ccc(-c2ccc(C(c3ccccc3)n3ccnc3)cc2)cc1,16.850000000000023,,,,
c1ccc(-c2ccc(N(c3ccc(-c4ccccc4)cc3)c3ccc(-c4ccccc4)cc3)cc2)cc1,76.0,,,,
c1ccc(-c2ccccc2-c2ccccc2)cc1,-30.149999999999977,,,,
c1ccc(-c2nnc(-c3cc(-c4nnc(-c5ccccc5)o4)cc(-c4nnc(-c5ccccc5)o4)c3)o2)cc1,98.85000000000002,,,,
c1ccc(C2=C(c3ccccc3)C(c3ccccc3)C(c3ccccc3)=C2c2ccccc2)cc1,56.85000000000002,,,,
c1ccc(C2=C(c3ccccc3)CC2)cc1,-57.14999999999998,,,,
c1ccc(C2=C(c3ccccc3)CCC2)cc1,-51.14999999999998,,,,
c1ccc(C2=C(c3ccccc3)CCCC2)cc1,-43.14999999999998,,,,
c1ccc(C2=C(c3ccccc3)CCCCC2)cc1,-40.14999999999998,,,,
c1ccc(N(c2ccccc2)c2ccc(-c3ccc(N(c4ccccc4)c4ccccc4)cc3)cc2)cc1,74.85000000000002,,,,
c1ccc(N(c2ccccc2)c2ccc(CCCc3ccc(N(c4ccccc4)c4ccccc4)cc3)cc2)cc1,34.85000000000002,,,,
c1ccc(N(c2ccccc2)c2ccc(CCc3ccc(N(c4ccccc4)c4ccccc4)cc3)cc2)cc1,43.85000000000002,,,,
c1ccc(N(c2ccccc2)c2ccc(N(c3ccc(N(c4ccccc4)c4ccccc4)cc3)c3ccc(N(c4ccccc4)c4ccccc4)cc3)cc2)cc1,88.85000000000002,,,,
c1ccc2c(-c3cc(-c4cccc5ccccc45)cc(-c4cccc5ccccc45)c3)cccc2c1,68.85000000000002,,,,
c1ccc2c(-c3nnc(-c4cc(-c5nnc(-c6cccc7ccccc67)o5)cc(-c5nnc(-c6cccc7ccccc67)o5)c4)o3)cccc2c1,144.85000000000002,,,,
c1ccc2c(c1)CCCN2,-78.04999999999998,,,,
c1ccc2c(c1)CCNC2,-81.99999999999997,,,,
c1ccc2c(c1)[nH]c1ccccc12,-4.2999999999999545,,,,
c1ccc2c(c1)c1ccccc1n2-c1cc(-n2c3ccccc3c3ccccc32)cc(-n2c3ccccc3c3ccccc32)c1,150.85000000000002,,,,
c1ccc2cc(-c3cc(-c4ccc5ccccc5c4)cc(-c4ccc5ccccc5c4)c3)ccc2c1,63.85000000000002,,,,
c1ccc2cc(-c3cc(-c4cccc5ccccc45)cc(-c4cccc5ccccc45)c3)ccc2c1,77.0,,,,
c1ccccc1,-142.14999999999998,,,1.012,
c1ccncc1,-145.14999999999998,,,,
*.*C/C=C/CC.*CC(*)C#N.*CCC(C*)C(=O)O,,,,0.862,
*C(=O)OCC1CCC(COC(=O)c2ccc(*)cc2)CC1,,,,1.092,
*C(=O)OCCCCCCCCCCOC(=O)c1ccc(*)cc1,,,,1.0020000000000002,
*C(=O)OCCCCCCOC(=O)c1ccc(*)cc1,,,,1.092,
*C(=O)c1ccc(C(=O)c2ccc(Oc3ccc(*)cc3)cc2)cc1,,,,1.162,
*C(C(=O)OC)C(*)C(=O)OC,,,,1.1920000000000002,
*C(C(=O)OCC)C(*)C(=O)OCC,,,,1.1019999999999999,
*C(C(=O)OCCC)C(*)C(=O)OCCC,,,,1.032,
*C(C)C(*)C(=O)OC1CCCCCCC1,,,,0.892,
*C(C)C(*)C(=O)OCCN=O,,,,1.1720000000000002,
*C(F)(F)C(*)(F)C(F)(F)F,,,,1.782,
*C(F)(F)C(*)(F)C(F)F.*CC(*)(F)F,,,,1.662,
*C(F)(F)C(*)(F)Cl.*C(F)C(*)(F)F.*CC(*)(F)F,,,,1.682,
*C(F)(F)C(*)(F)Cl.*CC(*)(F)F,,,,1.702,
*C(F)(F)C(*)(F)F,,,,1.9820000000000002,
*C(F)C(*)(F)F.*CC(*)(F)F,,,,1.7610000000000001,
*C/C=C\C*,,,,0.782,
*C1C2C/C(=C/C)C(C2)C1*.*CC(*)C.*CC*,,,,1.3820000000000001,
*C=CC(*)c1ccccc1,,,,0.9520000000000001,
*C=CC(C)C*,,,,0.802,
*C=CCC(C)C*,,,,0.792,
*C=CCCC(C)C*,,,,0.782,
*C=CCCCC*,,,,0.792,
*C=CCCCCCCCCCCCCCCCC*,,,,0.762,
*CC(*)(C#N)C(=O)OCCCCCCCC,,,,0.9720000000000001,
*CC(*)(C(=O)OCCCC)C(=O)OCCCC,,,,0.9920000000000001,
*CC(*)(C)C(=O)NC(C)(C)C,,,,0.912,
*CC(*)(C)C(=O)NC(C)=O,,,,1.112,
*CC(*)(C)C(=O)NCc1ccccc1,,,,1.0020000000000002,
*CC(*)(C)C(=O)OC(C)C,,,,0.9520000000000001,
*CC(*)(C)C(=O)OC.*CC(*)(C)C(=O)OC.*CC(*)C(=O)OCCCC,,,,0.9920000000000001,
*CC(*)(C)C(=O)OC.*CC(*)C(=O)OC(C)(C)C,,,,0.983,
*CC(*)(C)C(=O)OC.*CC(*)C(=O)OCCCC,,,,0.9700000000000001,
*CC(*)(C)C(=O)OCC(C)C,,,,0.932,
*CC(*)(C)C(=O)OCC(C)O,,,,1.052,
*CC(*)(C)C(=O)OCC(CC)CC,,,,0.892,
*CC(*)(C)C(=O)OCC1CCCCCCC1,,,,0.882,
*CC(*)(C)C(=O)OCCC,,,,0.9520000000000001,
*CC(*)(C)C(=O)OCCCC#N,,,,1.092,
*CC(*)(C)C(=O)OCCO,,,,1.092,
*CC(*)(CC)C(=O)Oc1ccccc1,,,,1.0020000000000002,
*CC(*)(CCCCCC)CCCCCCCCCC,,,,0.752,
*CC(*)(Cl)C(=O)OCC(C)C,,,,1.1019999999999999,
*CC(*)(Cl)CC(=O)OCCC,,,,1.1019999999999999,
*CC(*)(Cl)Cl,,,,1.592,
*CC(*)(Cl)OC(C)=O,,,,1.342,
*CC(*)(F)F,,,,1.5619999999999998,
*CC(*)C#N.*CC(*)c1ccccc1,,,,0.9620000000000001,
*CC(*)C#N.*CC(*)c1ccccc1.*CC=CC*,,,,0.9520000000000001,
*CC(*)C(=C)OCC(C#N)CCCC,,,,0.932,
*CC(*)C(=C)OCC(C#N)CCCCC,,,,0.922,
*CC(*)C(=O)CC,,,,0.9420000000000001,
*CC(*)C(=O)NC(C)CCC,,,,0.912,
*CC(*)C(=O)NN1CCCCC1,,,,0.9620000000000001,
*CC(*)C(=O)O,,,,1.2719999999999998,
*CC(*)C(=O)OC,,,,1.1019999999999999,
*CC(*)C(=O)OC(C)(C)C,,,,0.9520000000000001,
*CC(*)C(=O)OC(C)CC,,,,0.9520000000000001,
*CC(*)C(=O)OC1C=C(C)C=CC1,,,,1.0020000000000002,
*CC(*)C(=O)OCC#N,,,,1.262,
*CC(*)C(=O)OCC(C)(C)C#N,,,,1.092,
*CC(*)C(=O)OCC(C)C,,,,0.9520000000000001,
*CC(*)C(=O)OCC(CCl)(CCl)CCl,,,,1.3119999999999998,
*CC(*)C(=O)OCC(F)(F)C(F)F,,,,1.392,
*CC(*)C(=O)OCC1CO1,,,,0.9620000000000001,
*CC(*)C(=O)OCCC,,,,0.9920000000000001,
*CC(*)C(=O)OCCCCCCC,,,,0.892,
*CC(*)C(=O)OCCCCCCCC,,,,0.882,
*CC(*)C(=O)OCCCCCCCCCCCC,,,,0.842,
*CC(*)C(=O)OCCOCCC#N,,,,1.1320000000000001,
*CC(*)C(=O)OCCSC#N,,,,1.342,
*CC(*)C(=O)OCc1c(F)c(F)c(F)c(F)c1F,,,,0.852,
*CC(*)C(=O)OCc1ccco1,,,,1.1520000000000001,
*CC(*)C(=O)Oc1ccc2ccccc2c1,,,,1.0619999999999998,
*CC(*)C(=O)[O-]->[Na+],,,,1.1019999999999999,
*CC(*)C1=C(OC(C)C)C=CC(Br)C1,,,,1.092,
*CC(*)C1=C(OC)C=CC(Br)C1,,,,1.1720000000000002,
*CC(*)C1=C(OCC)C=CC(Br)C1,,,,1.1320000000000001,
*CC(*)C1=C(OCCC(C)C)C=CC(Br)C1,,,,1.0419999999999998,
*CC(*)C1=C(OCCC)C=CC(Br)C1,,,,1.092,
*CC(*)C1=C(OCCCC)C=CC(Br)C1,,,,1.0619999999999998,
*CC(*)C1=C(OCCCCC)C=CC(Br)C1,,,,1.0419999999999998,
*CC(*)C1=CC(c2ccc(-c3ccccc3)cc2)CC=C1,,,,0.9420000000000001,
*CC(*)C1=CCC(c2ccc(-c3ccccc3)cc2)C=C1,,,,0.9420000000000001,
*CC(*)C=C,,,,0.812,
*CC(*)CC.*CC(*)c1ccccc1.*CC(*)c1ccccc1.*CC*,,,,0.792,
*CC(*)COOc1cccc(Cl)c1,,,,0.9820000000000001,
*CC(*)COOc1ccccc1Cl,,,,0.9820000000000001,
*CC(*)N1CCCC1=O,,,,0.9920000000000001,
*CC(*)OC(=O)C(F)(F)F,,,,1.202,
*CC(*)OC(=O)CCC,,,,0.9920000000000001,
*CC(*)OC(=O)CCCC,,,,0.9520000000000001,
*CC(*)OC(=O)CCCCC,,,,0.932,
*CC(*)OC(=O)CCl,,,,1.342,
*CC(*)OC(C)=O,,,,1.1019999999999999,
*CC(*)OC(C)=O.*CC*,,,,0.812,
*CC(*)OC=O,,,,1.222,
*CC(*)OCC(C)C,,,,0.832,
*CC(*)OCCCC,,,,0.832,
*CC(*)OCCCCCC,,,,0.812,
*CC(*)OCCCCCCCC,,,,0.802,
*CC(*)SC,,,,1.072,
*CC(*)SCCC,,,,0.922,
*CC(*)Sc1ccccc1,,,,1.032,
*CC(*)c1cc(C)cc(C)c1,,,,0.872,
*CC(*)c1ccc(-c2ccccc2)cc1,,,,0.9620000000000001,
*CC(*)c1ccc(Br)cc1,,,,1.222,
*CC(*)c1ccc(C(=O)O)cc1,,,,1.1320000000000001,
*CC(*)c1ccc(C(C)CC)cc1,,,,0.842,
*CC(*)c1ccc(C(O)CN2CCCCC2)cc1,,,,0.912,
*CC(*)c1ccc(C(O)CN2CCOCC2)cc1,,,,0.9620000000000001,
*CC(*)c1ccc(CO)cc1,,,,0.9920000000000001,
*CC(*)c1ccc(COCC(O)CC)cc1,,,,0.9420000000000001,
*CC(*)c1ccc(COCCCCC)cc1,,,,0.872,
*CC(*)c1ccc(F)cc1F,,,,0.922,
*CC(*)c1ccc(I)cc1,,,,1.2719999999999998,
*CC(*)c1ccc(OC)cc1,,,,0.9420000000000001,
*CC(*)c1ccc(OCC)cc1,,,,0.922,
*CC(*)c1ccc(OCCCC)cc1,,,,0.882,
*CC(*)c1cccc(CO)c1,,,,0.9920000000000001,
*CC(*)c1ccccc1CO,,,,0.9920000000000001,
*CC(*)c1ccncc1,,,,0.9820000000000001,
*CC(C)C(*)=O,,,,1.0020000000000002,
*CC(C)C(=O)OCC(F)(F)C(*)(F)F,,,,1.4020000000000001,
*CC(C)O*,,,,0.912,
*CC(C)OC(=O)O*,,,,1.1920000000000002,
*CC(C)OCO*,,,,0.9720000000000001,
*CC(C)Oc1ccc(O*)cc1,,,,0.9920000000000001,
*CC(CC(*)C(=O)OCC(C)O)C(=O)OC(C)CO,,,,1.1720000000000002,
*CC(COC)O*,,,,0.9720000000000001,
*CC(COCCCC)O*,,,,0.892,
*CC(COCCCCCC)O*,,,,0.862,
*CC(O)COc1ccc(C(C)(C)c2ccc(OCC(O)CNCCCCCCCCN*)cc2)cc1,,,,0.9520000000000001,
*CC(O)COc1ccc(C(C)(C)c2ccc(OCC(O)CNCCCCCCN*)cc2)cc1,,,,0.9720000000000001,
*CC(O)COc1ccc(Cc2ccc(O*)cc2)cc1,,,,1.0419999999999998,
*CC*,,,,0.802,
*CC1CC(*)OC(CCC)O1,,,,0.9520000000000001,
*CC=C(C)C*,,,,0.802,
*CC=C(C*)C(C)(C)C,,,,0.782,
*CC=C(Cl)C*,,,,1.1320000000000001,
*CC=CC(*)C,,,,0.802,
*CC=CC*,,,,0.812,
*CCC=C(*)CC,,,,0.792,
*CCCC(C)CC*,,,,0.752,
*CCCCC(=O)OCCCCOC(*)=O,,,,1.032,
*CCCCCCCC(=O)OCCOC(*)=O,,,,1.012,
*CCCCCCCCC(=O)OCCCCCCCCCCOC(*)=O,,,,0.892,
*CCCCCCCCO*,,,,0.812,
*CCCCCCO*,,,,0.832,
*CCCCO*,,,,0.872,
*CCO*,,,,0.9720000000000001,
*CCO*.OCC1OC2OC3C(CO)OC(OC4C(CO)OC(OC5C(CO)OC(OC6C(CO)OC(OC7C(CO)OC(OC1C(O)C2O)C(O)C7O)C(O)C6O)C(O)C5O)C(O)C4O)C(O)C3O,,,,1.182,
*CCOC(=O)c1ccc(C(=O)O*)cc1,,,,1.242,
*CCOC(=O)c1cccc(C(=O)O*)c1,,,,1.242,
*CCOc1ccc(C(=O)O*)cc1,,,,1.142,
*Cc1ccc(*)cc1OCC(O)COC(=O)C(=C)C,,,,0.9720000000000001,
*Cc1ccc(C*)c(Cl)c1,,,,1.202,
*NC1CNC(NC(=O)CCCCCCCCC(*)=O)CN1,,,,1.0219999999999998,
*NCC(C)(C)CC(C)CCNC(=O)c1ccc(C(*)=O)cc1,,,,1.012,
*NCCC(C)CC(C)(C)CNC(=O)c1ccc(C(*)=O)cc1,,,,1.0020000000000002,
*NCCCCCC(*)=O,,,,0.9620000000000001,
*NCCCCCCCCC(*)=O,,,,0.892,
*NCCCCCCCCCC(*)=O,,,,0.882,
*NCCCCCCCCCCNC(=O)CCCCCCCC(*)=O,,,,0.892,
*NCCCCCCCCCNC(=O)CCCCCCCC(*)=O,,,,0.892,
*NCCCCCCCCCNC(=O)CCCCCCCCC(*)=O,,,,0.892,
*NCCCCCCCCNC(=O)CCCCCCC(*)=O,,,,0.912,
*NCCCCCCCNC(=O)CCCCCC(*)=O,,,,0.932,
*NCCCCCCNC(=O)c1ccc(C(*)=O)cc1,,,,1.072,
*NCc1ccc(CNC(=O)CCCCCCCCC(*)=O)cc1,,,,0.9820000000000001,
*Nc1ccc(NC(=O)c2ccc(C(*)=O)cc2)cc1,,,,1.302,
*Nc1cccc(NC(=O)c2cccc(C(*)=O)c2)c1,,,,1.282,
*OC(=O)C(*)C,,,,1.1920000000000002,
*OC(=O)CC(*)C,,,,1.1019999999999999,
*OC(=O)Oc1c(Cl)cc(C2(c3cc(Cl)c(*)c(Cl)c3)CCCCC2)cc1Cl,,,,1.3119999999999998,
*OC(=O)Oc1ccc(-c2ccc(Cc3ccc(-c4ccc(*)cc4)cc3)cc2)cc1,,,,1.092,
*OC(=O)Oc1ccc(C(C)(C)c2ccc(*)c(C)c2)cc1C,,,,1.0419999999999998,
*OC(=O)Oc1ccc(C(C)(C)c2ccc(*)c(Cl)c2)cc1Cl,,,,1.222,
*OC(=O)Oc1ccc(C(C)(C)c2ccc(*)cc2)cc1,,,,1.0819999999999999,
*OC(=O)Oc1ccc(C(C)(CCC)c2ccc(*)cc2)cc1,,,,1.0419999999999998,
*OC(=O)Oc1ccc(C(C)(CCCC)c2ccc(*)cc2)cc1,,,,1.032,
*OC(=O)Oc1ccc(C(C)(c2ccccc2)c2ccc(*)cc2)cc1,,,,1.092,
*OC(=O)Oc1ccc(C(C)c2ccc(*)cc2)cc1,,,,1.112,
*OC(=O)Oc1ccc(C(CCC)c2ccc(*)cc2)cc1,,,,1.0619999999999998,
*OC(=O)Oc1ccc(C2(c3ccc(*)cc3)CCCC2)cc1,,,,1.072,
*OC(=O)Oc1ccc(C2(c3ccc(*)cc3)CCCCC2)cc1,,,,1.052,
*OC(=O)Oc1ccc(CC(C)(C)c2ccc(*)cc2)cc1,,,,1.0619999999999998,
*OC(=O)Oc1ccc(Sc2ccc(*)cc2)cc1,,,,1.2120000000000002,
*OC(=O)c1ccc(*)cc1,,,,1.202,
*OC(=O)c1ccc(Oc2ccc(OCCCCC(*)=O)cc2)cc1,,,,1.092,
*OC(C)C(*)C,,,,0.872,
*OCC(*)CCl,,,,1.2320000000000002,
*OCC1CC(O)C(O)C(OC2C(CO)OC(OC3C(CO)OC(O*)C(O)C3O)C(O)C2O)O1,,,,1.3820000000000001,
*OCCC(*)(CCl)CCl,,,,1.2520000000000002,
*OCCC(=O)/C=C/C(=O)OCCOC(=O)c1ccccc1C(=O)O*,,,,1.052,
*OCCCCCCOC(=O)CCCCCCCCC(*)=O,,,,0.932,
*OCCCCOC(=O)CCC(*)=O,,,,1.142,
*OCCCCOC(=O)CCCCC(*)=O.*OCCCCOC(=O)c1ccc(C(*)=O)cc1,,,,0.9820000000000001,
*OCCCCOC(=O)CCCCCCCCC(*)=O,,,,0.9520000000000001,
*OCCCCOC(=O)Nc1ccc(Cc2ccc(NC(*)=O)cc2)cc1,,,,1.1520000000000001,
*OCCCCOC(=O)c1ccc(C(*)=O)cc1,,,,1.182,
*OCCCOC(=O)CCC(*)=O,,,,1.142,
*OCCOC(=O)CCC(*)=O,,,,1.1920000000000002,
*OCCOC(=O)CCCCCCCCC(*)=O,,,,0.9920000000000001,
*OCCOC(=O)Nc1ccc(Cc2ccc(NC(*)=O)cc2)cc1,,,,1.227,
*OCCOC(=O)c1ccc2cc(C(*)=O)ccc2c1,,,,1.2120000000000002,
*OCCOCCOC(=O)NCCCCCCNC(*)=O,,,,1.0819999999999999,
*OCCOCCOCCOCCOC(=O)NCCCCCCNC(*)=O,,,,1.052,
*Oc1c(C)cc(C(C)(C)c2cc(C)c(OC(*)=O)c(C)c2)cc1C,,,,1.012,
*Oc1c(Cl)cc(C(C)(C)c2cc(Cl)c(OC(*)=O)c(Cl)c2)cc1Cl,,,,1.282,
*Oc1ccc(-c2ccc(Oc3ccc(S(=O)(=O)c4ccc(*)cc4)cc3)cc2)cc1,,,,1.1720000000000002,
*Oc1ccc(C(=O)c2ccc(Oc3ccc(*)cc3)cc2)cc1,,,,1.1720000000000002,
*Oc1ccc(C(C)(CC)c2ccc(OC(*)=O)cc2)cc1,,,,1.0619999999999998,
*Oc1ccc(Cc2ccc(OC(*)=O)cc2)cc1,,,,1.1320000000000001,
*SCC(*)C,,,,0.9720000000000001,
*c1cc(C)c2cc(*)ccc2c1,,,,0.9920000000000001,
C(CCOCC1CO1)COCC1CO1,,,,0.9820000000000001,
C1=CC2CCC1C2.C=C,,,,0.902,
C=CC=C.C=Cc1ccccc1,,,,0.807,
CC(=O)C(=S)C=O,,,,1.492,
CC(=O)C(=S)c1ccccc1,,,,1.342,
CC(=O)C(=S)c1cccs1,,,,1.472,
CC(=O)C(O)=S,,,,1.472,
CC(=O)CC=O,,,,1.242,
CC(=O)CC=S,,,,1.3319999999999999,
CC(=O)CO,,,,1.1920000000000002,
CC(=O)Cc1ccccc1,,,,1.0619999999999998,
CC(=O)Cc1cccs1,,,,1.3319999999999999,
CC(=O)NC=O,,,,1.342,
CC(=O)NC=S,,,,1.472,
CC(=O)NCC(N)=O,,,,1.262,
CC(=O)Nc1ccccc1,,,,1.182,
CC(=O)Nc1cccs1,,,,1.5419999999999998,
CC(=O)OC=O,,,,1.3719999999999999,
CC(=O)OC=S,,,,1.472,
CC(=O)OCC(=O)O,,,,1.322,
CC(=O)Oc1ccccc1,,,,1.142,
CC(=O)Oc1cccs1,,,,1.222,
CC(=O)c1ccc(-c2ccccc2)cc1,,,,1.0819999999999999,
CC(=O)c1ccc(-c2ccccc2)s1,,,,1.282,
CC(=O)c1ccc(-c2cccs2)cc1,,,,1.282,
CC(=O)c1ccc(-c2cccs2)s1,,,,1.472,
CC(=O)c1ccc(C=O)cc1,,,,1.222,
CC(=O)c1ccc(C=O)s1,,,,1.5219999999999998,
CC(=O)c1ccc(C=S)cc1,,,,1.342,
CC(=O)c1ccc(C=S)s1,,,,1.472,
CC(=O)c1ccc(O)cc1,,,,1.142,
CC(=O)c1ccc(O)s1,,,,1.222,
CC(=S)C(=O)C=S,,,,1.4220000000000002,
CC(=S)C(=O)O,,,,1.472,
CC(=S)CC=S,,,,1.342,
CC(=S)CO,,,,1.282,
CC(=S)NC=S,,,,1.432,
CC(=S)NO,,,,1.452,
CC(=S)OC=S,,,,1.4620000000000002,
CC(=S)c1ccc(C=S)cc1,,,,1.342,
CC(=S)c1ccc(C=S)s1,,,,1.3719999999999999,
CC(=S)c1ccc(N)cc1,,,,1.342,
CC(=S)c1ccc(O)cc1,,,,1.0819999999999999,
CC(=S)c1ccc(O)s1,,,,1.1320000000000001,
CC(C)(COCC1CO1)COCC1CO1,,,,0.922,
CC(C)(c1ccc(Oc2ccc(C#N)c(C#N)c2)cc1)c1ccc(Oc2ccc(C#N)c(C#N)c2)cc1,,,,1.0819999999999999,
CC(Cl)(Cl)C(=O)C(Cl)Cl,,,,1.572,
CC(Cl)(Cl)OC(Cl)Cl,,,,1.532,
CC(F)CCF,,,,1.2120000000000002,
CC(c1ccc(OC#N)cc1)c1ccc(OC#N)cc1,,,,1.0819999999999999,
CCC(=O)C=S,,,,1.3319999999999999,
CCC(=O)O,,,,1.1920000000000002,
CCC(=O)c1ccccc1,,,,1.0619999999999998,
CCC(=O)c1cccs1,,,,1.3319999999999999,
CCC(F)(F)C(F)F,,,,1.5419999999999998,
CCC(O)=S,,,,1.282,
CCC(OCCC(O)(C(F)(F)F)C(F)(F)F)(C(F)(F)F)C(F)(F)F,,,,1.432,
CCCC(C)CC(C)CC(C)C,,,,0.752,
CCCC=O,,,,1.0020000000000002,
CCCC=S,,,,1.0819999999999999,
CCCCC(=O)OCCOC=O,,,,1.1019999999999999,
CCCCCOC(=O)CCCCCOC=O,,,,0.9920000000000001,
CCCCCS,,,,0.862,
CCCN,,,,0.872,
CCCOC(=O)CCCCCCCCOC(=O)CCCOC(=O)CCCCCCCCOC=O,,,,0.9720000000000001,
CCCc1cccs1,,,,1.112,
CCNC=S,,,,1.2520000000000002,
CCNc1ccccc1,,,,1.012,
CCNc1cccs1,,,,1.322,
CCOC(=O)CCCCCCC(=O)O,,,,1.032,
CCON,,,,1.072,
CCc1ccc(-c2ccccc2)cc1,,,,0.9620000000000001,
CCc1ccc(-c2cccs2)cc1,,,,1.1320000000000001,
CCc1ccc(-c2cccs2)s1,,,,1.322,
CCc1ccc(C=S)cc1,,,,1.1520000000000001,
CCc1ccc(C=S)s1,,,,1.3319999999999999,
CCc1ccc(O)cc1,,,,0.9820000000000001,
CCc1ccc(O)s1,,,,1.052,
CNC(=O)C=S,,,,1.452,
CNC(=O)c1ccccc1,,,,1.162,
CNC(=O)c1cccs1,,,,1.452,
CNC(=S)C=O,,,,1.472,
CNC(=S)c1ccccc1,,,,1.2719999999999998,
CNC(=S)c1cccs1,,,,1.4420000000000002,
CNC(N)=S,,,,1.432,
CNC(O)=S,,,,1.4220000000000002,
CNCC=O,,,,1.142,
CNCC=S,,,,1.2520000000000002,
CNCN,,,,1.0219999999999998,
CNCO,,,,1.072,
CNCc1ccccc1,,,,0.9820000000000001,
CNCc1cccs1,,,,1.2520000000000002,
CNOC=S,,,,1.452,
CNON,,,,1.2320000000000002,
CNOc1ccccc1,,,,1.072,
CNOc1cccs1,,,,1.162,
CNc1ccc(-c2ccccc2)s1,,,,1.2719999999999998,
CNc1ccc(-c2cccs2)cc1,,,,1.2719999999999998,
CNc1ccc(C=O)s1,,,,1.5419999999999998,
CNc1ccc(C=S)s1,,,,1.532,
CNc1ccc(N)cc1,,,,1.1019999999999999,
CNc1ccc(N)s1,,,,1.5020000000000002,
CNc1ccc(O)cc1,,,,1.1019999999999999,
CNc1ccc(O)s1,,,,1.262,
COC(=O)O,,,,1.3719999999999999,
COC(COCC(F)(F)F)C(F)(F)F,,,,1.322,
COC(O)=S,,,,1.4420000000000002,
COCO,,,,1.1320000000000001,
CONC=O,,,,1.3519999999999999,
CONO,,,,1.2919999999999998,
COc1ccc(-c2ccccc2)s1,,,,1.1520000000000001,
COc1ccc(O)cc1,,,,1.0419999999999998,
COc1ccc(O)s1,,,,0.872,
Cc1ccc(-c2ccc(-c3ccccc3)cc2)cc1,,,,0.9920000000000001,
Cc1ccc(-c2ccc(-c3ccccc3)s2)cc1,,,,1.1320000000000001,
Cc1ccc(-c2ccc(-c3cccs3)cc2)cc1,,,,1.1320000000000001,
Cc1ccc(-c2ccc(-c3cccs3)cc2)s1,,,,1.282,
Cc1ccc(-c2ccc(-c3cccs3)s2)cc1,,,,1.282,
Cc1ccc(-c2ccc(-c3cccs3)s2)s1,,,,1.3820000000000001,
Cc1ccc(-c2ccc(C=S)cc2)cc1,,,,1.1520000000000001,
Cc1ccc(-c2ccc(C=S)cc2)s1,,,,1.322,
Cc1ccc(-c2ccc(C=S)s2)cc1,,,,1.322,
Cc1ccc(-c2ccc(C=S)s2)s1,,,,1.3820000000000001,
Cc1ccc(-c2ccc(N)cc2)cc1,,,,1.052,
Cc1ccc(-c2ccc(N)s2)s1,,,,1.492,
Cc1ccc(-c2ccc(O)cc2)s1,,,,1.1320000000000001,
Cc1ccc(-c2ccc(O)s2)s1,,,,1.242,
Cc1ccc(C(=O)C=S)cc1,,,,1.342,
Cc1ccc(C(=O)C=S)s1,,,,1.472,
Cc1ccc(C(=O)O)cc1,,,,1.1920000000000002,
Cc1ccc(C(=O)O)s1,,,,1.5020000000000002,
Cc1ccc(C(=O)c2ccccc2)cc1,,,,1.0819999999999999,
Cc1ccc(C(=O)c2cccs2)cc1,,,,1.282,
Cc1ccc(C(=O)c2cccs2)s1,,,,1.472,
Cc1ccc(C(=S)c2ccccc2)cc1,,,,1.1520000000000001,
Cc1ccc(C(=S)c2cccs2)cc1,,,,1.322,
Cc1ccc(C(=S)c2cccs2)s1,,,,1.3820000000000001,
Cc1ccc(C(O)=S)cc1,,,,1.2919999999999998,
Cc1ccc(C(O)=S)s1,,,,1.4220000000000002,
Cc1ccc(C)cc1,,,,0.922,
Cc1ccc(CC=S)cc1,,,,1.1520000000000001,
Cc1ccc(CC=S)s1,,,,1.3319999999999999,
Cc1ccc(CO)cc1,,,,1.012,
Cc1ccc(CO)s1,,,,1.282,
Cc1ccc(Cc2ccccc2)cc1,,,,0.9620000000000001,
Cc1ccc(Cc2cccs2)cc1,,,,1.1320000000000001,
Cc1ccc(Cc2cccs2)s1,,,,1.322,
Cc1ccc(NC=S)cc1,,,,1.342,
Cc1ccc(NC=S)s1,,,,1.532,
Cc1ccc(NO)cc1,,,,1.142,
Cc1ccc(NO)s1,,,,1.512,
Cc1ccc(Nc2ccccc2)cc1,,,,1.052,
Cc1ccc(Nc2cccs2)cc1,,,,1.2919999999999998,
Cc1ccc(Nc2cccs2)s1,,,,1.532,
Cc1ccc(OC=S)cc1,,,,1.0819999999999999,
Cc1ccc(OC=S)s1,,,,1.1320000000000001,
Cc1ccc(Oc2ccccc2)cc1,,,,0.9920000000000001,
Cc1ccc(Oc2cccs2)cc1,,,,1.032,
Cc1ccc(Oc2cccs2)s1,,,,1.052,
ClC(Cl)C(Cl)Cl,,,,1.0219999999999998,
ClCC(Cl)Cl,,,,1.2320000000000002,
FCC(F)F,,,,1.862,
NC(=O)C(=S)C=O,,,,1.3119999999999998,
NC(=O)C(=S)c1ccccc1,,,,1.532,
NC(=O)C(=S)c1cccs1,,,,1.612,
NC(=O)C(O)=S,,,,1.432,
NC(=O)NC=S,,,,1.6219999999999999,
NC(=O)NO,,,,1.4020000000000001,
NC(=O)Nc1cccs1,,,,1.642,
NC(=O)OC=S,,,,1.532,
NC(=O)Oc1cccs1,,,,1.4620000000000002,
NC(=O)c1ccc(-c2ccccc2)cc1,,,,1.1720000000000002,
NC(=O)c1ccc(-c2ccccc2)s1,,,,1.432,
NC(=O)c1ccc(-c2cccs2)cc1,,,,1.432,
NC(=O)c1ccc(C=O)s1,,,,1.512,
NC(=O)c1ccc(C=S)cc1,,,,1.452,
NC(=O)c1ccc(C=S)s1,,,,1.512,
NC(=O)c1ccc(O)cc1,,,,1.242,
NC(=O)c1ccc(O)s1,,,,1.3119999999999998,
NC(=O)c1cccc(NC(=O)c2ccccc2)c1,,,,1.282,
NC(=S)C(=O)C=S,,,,1.432,
NC(=S)C(=O)O,,,,1.4820000000000002,
NC(=S)NC=S,,,,1.4620000000000002,
NC(=S)NO,,,,1.512,
NC(=S)Nc1ccccc1,,,,1.492,
NC(=S)OC=S,,,,1.2719999999999998,
NC(=S)c1ccc(C=S)s1,,,,1.432,
NC(=S)c1ccc(O)cc1,,,,1.182,
NC(=S)c1ccc(O)s1,,,,1.202,
NC=O,,,,1.3519999999999999,
NOC(=O)O,,,,1.392,
NOC(O)=S,,,,1.4420000000000002,
NOc1ccc(O)cc1,,,,1.112,
Nc1c(CC2CO2)cc(O)c(CC2CO2)c1CC1CO1,,,,1.1019999999999999,
Nc1ccc(-c2ccc(-c3ccccc3)cc2)cc1,,,,1.072,
Nc1ccc(-c2ccc(-c3ccccc3)s2)cc1,,,,1.2520000000000002,
Nc1ccc(-c2ccc(-c3cccs3)cc2)cc1,,,,1.2520000000000002,
Nc1ccc(-c2ccc(-c3cccs3)cc2)s1,,,,1.4420000000000002,
Nc1ccc(-c2ccc(-c3cccs3)s2)cc1,,,,1.452,
Nc1ccc(-c2ccc(-c3cccs3)s2)s1,,,,1.5619999999999998,
Nc1ccc(-c2ccc(C=O)s2)s1,,,,1.6320000000000001,
Nc1ccc(-c2ccc(C=S)cc2)cc1,,,,1.282,
Nc1ccc(-c2ccc(C=S)cc2)s1,,,,1.4820000000000002,
Nc1ccc(-c2ccc(C=S)s2)cc1,,,,1.4820000000000002,
Nc1ccc(-c2ccc(C=S)s2)s1,,,,1.512,
Nc1ccc(-c2ccc(O)cc2)cc1,,,,1.112,
Nc1ccc(C(=O)C=S)cc1,,,,1.532,
Nc1ccc(C(=O)C=S)s1,,,,1.642,
Nc1ccc(C(=O)O)cc1,,,,1.3119999999999998,
Nc1ccc(C(=O)O)s1,,,,1.702,
Nc1ccc(C(=O)c2ccccc2)cc1,,,,1.182,
Nc1ccc(C(=O)c2cccs2)cc1,,,,1.452,
Nc1ccc(C(=O)c2cccs2)s1,,,,1.682,
Nc1ccc(C(=S)c2ccccc2)cc1,,,,1.302,
Nc1ccc(C(=S)c2ccccc2)s1,,,,1.5219999999999998,
Nc1ccc(C(=S)c2cccs2)s1,,,,1.5619999999999998,
Nc1ccc(NC=S)s1,,,,1.6720000000000002,
Nc1ccc(NO)cc1,,,,1.2320000000000002,
Nc1ccc(Nc2ccccc2)cc1,,,,1.1019999999999999,
Nc1ccc(Nc2cccs2)cc1,,,,1.3820000000000001,
Nc1ccc(Nc2cccs2)s1,,,,1.642,
Nc1ccc(OC=S)cc1,,,,1.2919999999999998,
Nc1ccc(OC=S)s1,,,,1.3119999999999998,
Nc1ccc(Oc2ccccc2)cc1,,,,1.092,
Nc1ccc(Oc2cccs2)cc1,,,,1.202,
Nc1ccc(Oc2cccs2)s1,,,,1.2719999999999998,
O=C(OCC1CCC2OC2C1)C1CCC2OC2C1,,,,1.052,
O=CC(=S)OC=S,,,,1.3719999999999999,
O=COC(=O)O,,,,1.2719999999999998,
O=COC(O)=S,,,,1.472,
O=COCCCCOC(=O)c1ccccc1,,,,1.1520000000000001,
O=COCCOC(=O)c1ccccc1,,,,1.242,
O=COc1ccc(C=S)cc1,,,,1.2320000000000002,
O=COc1ccc(C=S)s1,,,,1.2120000000000002,
O=COc1ccc(O)cc1,,,,1.1920000000000002,
O=COc1ccc(O)s1,,,,1.092,
O=Cc1ccc(-c2ccc(-c3ccccc3)cc2)cc1,,,,1.0819999999999999,
O=Cc1ccc(-c2ccc(-c3ccccc3)s2)cc1,,,,1.242,
O=Cc1ccc(-c2ccc(-c3cccs3)cc2)cc1,,,,1.242,
O=Cc1ccc(-c2ccc(-c3cccs3)cc2)s1,,,,1.412,
O=Cc1ccc(-c2ccc(-c3cccs3)s2)cc1,,,,1.412,
O=Cc1ccc(-c2ccc(-c3cccs3)s2)s1,,,,1.4820000000000002,
O=Cc1ccc(-c2ccc(C=S)cc2)cc1,,,,1.2919999999999998,
O=Cc1ccc(-c2ccc(C=S)cc2)s1,,,,1.4620000000000002,
O=Cc1ccc(-c2ccc(C=S)s2)cc1,,,,1.4620000000000002,
O=Cc1ccc(-c2ccc(C=S)s2)s1,,,,1.4620000000000002,
O=Cc1ccc(-c2ccc(O)cc2)cc1,,,,1.142,
O=Cc1ccc(-c2ccc(O)cc2)s1,,,,1.2719999999999998,
O=Cc1ccc(-c2ccc(O)s2)cc1,,,,1.2919999999999998,
O=Cc1ccc(-c2ccc(O)s2)s1,,,,1.3519999999999999,
O=Cc1ccc(C(=O)C=S)cc1,,,,1.512,
O=Cc1ccc(C(=O)C=S)s1,,,,1.552,
O=Cc1ccc(C(=O)O)cc1,,,,1.342,
O=Cc1ccc(C(=O)O)s1,,,,1.6320000000000001,
O=Cc1ccc(C(=O)c2ccccc2)cc1,,,,1.202,
O=Cc1ccc(C(=O)c2cccs2)cc1,,,,1.432,
O=Cc1ccc(C(=O)c2cccs2)s1,,,,1.592,
O=Cc1ccc(C(=S)c2ccccc2)cc1,,,,1.2919999999999998,
O=Cc1ccc(C(=S)c2cccs2)cc1,,,,1.4620000000000002,
O=Cc1ccc(C(=S)c2cccs2)s1,,,,1.4620000000000002,
O=Cc1ccc(C(O)=S)cc1,,,,1.492,
O=Cc1ccc(C(O)=S)s1,,,,1.512,
O=Cc1ccc(OC=S)cc1,,,,1.2320000000000002,
O=Cc1ccc(OC=S)s1,,,,1.2120000000000002,
O=Cc1ccc(Oc2ccccc2)cc1,,,,1.1019999999999999,
O=Cc1ccc(Oc2cccs2)cc1,,,,1.1520000000000001,
O=Cc1ccc(Oc2cccs2)s1,,,,1.142,
OC(=S)Oc1ccccc1,,,,0.922,
OC(=S)Oc1cccs1,,,,0.912,
OC(=S)c1ccc(-c2ccccc2)cc1,,,,1.162,
OC(Cl)(Cl)C(=S)C(Cl)Cl,,,,1.072,
OCC(Cl)(Cl)Cl,,,,1.4420000000000002,
OCC1CC(O)C(O)C(O)O1,,,,1.3119999999999998,
Oc1ccc(-c2ccc(-c3ccccc3)cc2)cc1,,,,1.0219999999999998,
Oc1ccc(-c2ccc(-c3ccccc3)cc2)s1,,,,1.092,
Oc1ccc(-c2ccc(-c3ccccc3)s2)cc1,,,,1.092,
Oc1ccc(-c2ccc(-c3ccccc3)s2)s1,,,,1.1520000000000001,
Oc1ccc(-c2ccc(-c3cccs3)s2)s1,,,,1.1720000000000002,
Oc1ccc(C(=S)c2ccccc2)cc1,,,,1.0619999999999998,
Oc1ccc(C(=S)c2ccccc2)s1,,,,1.072,
Oc1ccc(C(=S)c2cccs2)s1,,,,1.0819999999999999,
Oc1ccc(Oc2ccccc2)s1,,,,0.872,
Oc1ccc(Oc2cccs2)s1,,,,0.762,
S=C(Oc1ccccc1)c1cccs1,,,,1.2320000000000002,
S=C(c1ccccc1)c1ccc(-c2cccs2)s1,,,,1.3820000000000001,
S=C(c1cccs1)c1ccc(-c2ccccc2)s1,,,,1.3820000000000001,
S=COC(=S)c1ccccc1,,,,1.432,
S=COC(=S)c1cccs1,,,,1.432,
S=COc1ccc(-c2ccccc2)s1,,,,1.262,
S=COc1ccc(-c2cccs2)s1,,,,1.2520000000000002,
S=Cc1ccc(-c2ccc(-c3ccccc3)cc2)cc1,,,,1.1520000000000001,
S=Cc1ccc(-c2ccc(-c3ccccc3)cc2)s1,,,,1.2919999999999998,
S=Cc1ccc(-c2ccc(-c3ccccc3)s2)cc1,,,,1.2919999999999998,
S=Cc1ccc(-c2ccc(-c3cccs3)s2)s1,,,,1.3719999999999999,
S=Cc1ccc(C(=S)c2ccccc2)cc1,,,,1.322,
S=Cc1ccc(C(=S)c2ccccc2)s1,,,,1.3820000000000001,
Sc1ccc(Sc2ccccc2)cc1,,,,1.282,
c1cc(N(CC2CO2)CC2CO2)ccc1Cc1ccc(N(CC2CO2)CC2CO2)cc1,,,,1.0419999999999998,
c1ccc(-c2ccc(-c3ccc(-c4cccs4)cc3)cc2)cc1,,,,1.1219999999999999,
c1ccc(-c2ccc(-c3ccc(-c4cccs4)cc3)s2)cc1,,,,1.2520000000000002,
c1ccc(-c2ccc(-c3ccc(-c4cccs4)s3)cc2)cc1,,,,1.2520000000000002,
c1ccc(-c2ccc(-c3ccc(-c4cccs4)s3)s2)cc1,,,,1.362,
c1ccc(-c2ccc(Oc3cccs3)s2)cc1,,,,1.162,
c1ccc(-c2ccccn2)nc1,,,,1.1920000000000002,
c1ccc(-c2nc3cc4ncoc4cc3o2)cc1,,,,1.3119999999999998,
c1ccc2oc(-c3ccc4ncoc4c3)nc2c1,,,,1.3119999999999998,
c1ccsc1,,,,1.392,
c1csc(-c2cccs2)c1,,,,1.392,
